Instance,Terminal,Layer,X location,Y location,Voltage
FILLER_43_253,VPWR,li1,122.8200,127.8400,1.799689
FILLER_43_249,VPWR,li1,120.7500,127.8400,1.799689
FILLER_43_237,VPWR,li1,117.3000,127.8400,1.799689
FILLER_43_225,VPWR,li1,111.7800,127.8400,1.799689
FILLER_43_221,VPWR,li1,107.8700,127.8400,1.799689
FILLER_43_209,VPWR,li1,104.4200,127.8400,1.799689
FILLER_43_197,VPWR,li1,98.9000,127.8400,1.799689
FILLER_43_195,VPWR,li1,95.4500,127.8400,1.799689
FILLER_43_191,VPWR,li1,94.3000,127.8400,1.799689
FILLER_43_181,VPWR,li1,89.7000,127.8400,1.799689
FILLER_43_174,VPWR,li1,86.4800,127.8400,1.799689
FILLER_43_169,VPWR,li1,83.7200,127.8400,1.799692
FILLER_43_167,VPWR,li1,82.5700,127.8400,1.799694
FILLER_43_160,VPWR,li1,80.0400,127.8400,1.799698
FILLER_43_153,VPWR,li1,76.8200,127.8400,1.799705
FILLER_43_146,VPWR,li1,73.6000,127.8400,1.799713
FILLER_43_141,VPWR,li1,70.8400,127.8400,1.799719
FILLER_43_137,VPWR,li1,69.2300,127.8400,1.799719
FILLER_43_113,VPWR,li1,57.9600,127.8400,1.799762
FILLER_43_109,VPWR,li1,56.3500,127.8400,1.799762
FILLER_43_97,VPWR,li1,52.9000,127.8400,1.799775
FILLER_43_85,VPWR,li1,47.3800,127.8400,1.799807
FILLER_43_81,VPWR,li1,43.4700,127.8400,1.799819
FILLER_43_69,VPWR,li1,40.0200,127.8400,1.799836
FILLER_43_57,VPWR,li1,34.5000,127.8400,1.799864
FILLER_43_53,VPWR,li1,30.5900,127.8400,1.799884
FILLER_43_41,VPWR,li1,27.1400,127.8400,1.799913
FILLER_43_29,VPWR,li1,21.6200,127.8400,1.799939
FILLER_43_27,VPWR,li1,18.1700,127.8400,1.799939
FILLER_43_15,VPWR,li1,15.1800,127.8400,1.799939
FILLER_43_3,VPWR,li1,9.6600,127.8400,1.799939
FILLER_42_253,VPWR,li1,122.8200,127.8400,1.799689
FILLER_42_251,VPWR,li1,121.2100,127.8400,1.799689
FILLER_42_245,VPWR,li1,119.6000,127.8400,1.799689
FILLER_42_233,VPWR,li1,115.4600,127.8400,1.799689
FILLER_42_221,VPWR,li1,109.9400,127.8400,1.799689
FILLER_42_209,VPWR,li1,104.4200,127.8400,1.799689
FILLER_42_197,VPWR,li1,98.9000,127.8400,1.799689
FILLER_42_193,VPWR,li1,94.9900,127.8400,1.799689
FILLER_42_185,VPWR,li1,92.4600,127.8400,1.799689
FILLER_42_141,VPWR,li1,73.1400,127.8400,1.799713
FILLER_42_123,VPWR,li1,62.3300,127.8400,1.799739
FILLER_42_119,VPWR,li1,61.1800,127.8400,1.799749
FILLER_42_107,VPWR,li1,57.5000,127.8400,1.799762
FILLER_42_85,VPWR,li1,46.0000,127.8400,1.799807
FILLER_42_82,VPWR,li1,43.7000,127.8400,1.799819
FILLER_42_74,VPWR,li1,41.4000,127.8400,1.799836
FILLER_42_63,VPWR,li1,34.9600,127.8400,1.799864
FILLER_42_41,VPWR,li1,25.7600,127.8400,1.799913
FILLER_42_29,VPWR,li1,21.6200,127.8400,1.799939
FILLER_42_27,VPWR,li1,18.1700,127.8400,1.799939
FILLER_42_15,VPWR,li1,15.1800,127.8400,1.799939
FILLER_42_3,VPWR,li1,9.6600,127.8400,1.799939
FILLER_41_249,VPWR,li1,121.9000,122.4000,1.799326
FILLER_41_237,VPWR,li1,117.3000,122.4000,1.799326
FILLER_41_225,VPWR,li1,111.7800,122.4000,1.799330
FILLER_41_218,VPWR,li1,107.1800,122.4000,1.799336
FILLER_41_210,VPWR,li1,102.3500,122.4000,1.799342
FILLER_41_205,VPWR,li1,100.2800,122.4000,1.799349
FILLER_41_197,VPWR,li1,97.9800,122.4000,1.799360
FILLER_41_185,VPWR,li1,93.3800,122.4000,1.799377
FILLER_41_155,VPWR,li1,77.7400,122.4000,1.799437
FILLER_41_143,VPWR,li1,74.0600,122.4000,1.799457
FILLER_41_125,VPWR,li1,63.4800,122.4000,1.799505
FILLER_41_113,VPWR,li1,60.2600,122.4000,1.799524
FILLER_41_111,VPWR,li1,56.8100,122.4000,1.799545
FILLER_41_84,VPWR,li1,44.6200,122.4000,1.799637
FILLER_41_57,VPWR,li1,32.2000,122.4000,1.799763
FILLER_41_55,VPWR,li1,31.0500,122.4000,1.799763
FILLER_41_51,VPWR,li1,29.9000,122.4000,1.799785
FILLER_41_39,VPWR,li1,26.2200,122.4000,1.799834
FILLER_41_27,VPWR,li1,20.7000,122.4000,1.799883
FILLER_41_15,VPWR,li1,15.1800,122.4000,1.799883
FILLER_41_3,VPWR,li1,9.6600,122.4000,1.799883
FILLER_40_253,VPWR,li1,122.8200,122.4000,1.799326
FILLER_40_248,VPWR,li1,120.5200,122.4000,1.799326
FILLER_40_201,VPWR,li1,98.2100,122.4000,1.799360
FILLER_40_197,VPWR,li1,97.0600,122.4000,1.799360
FILLER_40_192,VPWR,li1,94.0700,122.4000,1.799377
FILLER_40_186,VPWR,li1,92.4600,122.4000,1.799377
FILLER_40_174,VPWR,li1,88.3200,122.4000,1.799396
FILLER_40_141,VPWR,li1,73.1400,122.4000,1.799457
FILLER_40_137,VPWR,li1,69.2300,122.4000,1.799483
FILLER_40_118,VPWR,li1,60.4900,122.4000,1.799524
FILLER_40_85,VPWR,li1,45.3100,122.4000,1.799637
FILLER_40_81,VPWR,li1,43.4700,122.4000,1.799656
FILLER_40_59,VPWR,li1,32.8900,122.4000,1.799743
FILLER_40_41,VPWR,li1,24.8400,122.4000,1.799834
FILLER_40_29,VPWR,li1,21.6200,122.4000,1.799883
FILLER_40_27,VPWR,li1,18.1700,122.4000,1.799883
FILLER_40_21,VPWR,li1,16.5600,122.4000,1.799883
FILLER_40_9,VPWR,li1,12.4200,122.4000,1.799883
FILLER_39_249,VPWR,li1,121.9000,116.9600,1.798935
FILLER_39_237,VPWR,li1,117.3000,116.9600,1.798935
FILLER_39_225,VPWR,li1,111.7800,116.9600,1.798935
FILLER_39_223,VPWR,li1,108.3300,116.9600,1.798935
FILLER_39_219,VPWR,li1,107.1800,116.9600,1.798935
FILLER_39_182,VPWR,li1,89.4700,116.9600,1.798973
FILLER_39_178,VPWR,li1,88.3200,116.9600,1.798973
FILLER_39_167,VPWR,li1,82.5700,116.9600,1.799017
FILLER_39_122,VPWR,li1,62.5600,116.9600,1.799219
FILLER_39_79,VPWR,li1,42.0900,116.9600,1.799505
FILLER_39_57,VPWR,li1,33.1200,116.9600,1.799648
FILLER_39_46,VPWR,li1,26.9100,116.9600,1.799741
FILLER_39_34,VPWR,li1,23.9200,116.9600,1.799772
FILLER_39_22,VPWR,li1,18.4000,116.9600,1.799816
FILLER_39_11,VPWR,li1,11.0400,116.9600,1.799809
FILLER_39_3,VPWR,li1,8.7400,116.9600,1.799809
FILLER_38_253,VPWR,li1,122.8200,116.9600,1.798935
FILLER_38_249,VPWR,li1,120.7500,116.9600,1.798935
FILLER_38_241,VPWR,li1,118.2200,116.9600,1.798935
FILLER_38_220,VPWR,li1,106.9500,116.9600,1.798935
FILLER_38_208,VPWR,li1,103.9600,116.9600,1.798935
FILLER_38_202,VPWR,li1,99.1300,116.9600,1.798938
FILLER_38_150,VPWR,li1,74.7500,116.9600,1.799088
FILLER_38_134,VPWR,li1,68.5400,116.9600,1.799165
FILLER_38_122,VPWR,li1,64.4000,116.9600,1.799198
FILLER_38_111,VPWR,li1,57.9600,116.9600,1.799282
FILLER_38_99,VPWR,li1,53.8200,116.9600,1.799330
FILLER_38_89,VPWR,li1,46.6900,116.9600,1.799434
FILLER_38_85,VPWR,li1,45.5400,116.9600,1.799434
FILLER_38_75,VPWR,li1,40.7100,116.9600,1.799505
FILLER_38_63,VPWR,li1,37.2600,116.9600,1.799556
FILLER_38_50,VPWR,li1,29.4400,116.9600,1.799685
FILLER_38_38,VPWR,li1,25.7600,116.9600,1.799741
FILLER_38_22,VPWR,li1,17.0200,116.9600,1.799816
FILLER_38_3,VPWR,li1,7.5900,116.9600,1.799809
FILLER_37_249,VPWR,li1,121.9000,111.5200,1.798758
FILLER_37_237,VPWR,li1,117.3000,111.5200,1.798758
FILLER_37_225,VPWR,li1,111.7800,111.5200,1.798760
FILLER_37_223,VPWR,li1,108.3300,111.5200,1.798762
FILLER_37_215,VPWR,li1,106.2600,111.5200,1.798764
FILLER_37_203,VPWR,li1,101.6600,111.5200,1.798770
FILLER_37_194,VPWR,li1,95.2200,111.5200,1.798784
FILLER_37_169,VPWR,li1,83.7200,111.5200,1.798826
FILLER_37_160,VPWR,li1,79.8100,111.5200,1.798861
FILLER_37_148,VPWR,li1,76.3600,111.5200,1.798887
FILLER_37_136,VPWR,li1,70.8400,111.5200,1.798943
FILLER_37_109,VPWR,li1,56.3500,111.5200,1.799135
FILLER_37_97,VPWR,li1,52.9000,111.5200,1.799187
FILLER_37_77,VPWR,li1,41.1700,111.5200,1.799397
FILLER_37_69,VPWR,li1,37.9500,111.5200,1.799461
FILLER_37_57,VPWR,li1,34.5000,111.5200,1.799497
FILLER_37_54,VPWR,li1,30.8200,111.5200,1.799573
FILLER_37_7,VPWR,li1,8.9700,111.5200,1.799743
FILLER_37_3,VPWR,li1,7.8200,111.5200,1.799743
FILLER_36_253,VPWR,li1,122.8200,111.5200,1.798758
FILLER_36_246,VPWR,li1,120.0600,111.5200,1.798758
FILLER_36_200,VPWR,li1,98.9000,111.5200,1.798776
FILLER_36_195,VPWR,li1,95.4500,111.5200,1.798780
FILLER_36_182,VPWR,li1,89.4700,111.5200,1.798800
FILLER_36_176,VPWR,li1,87.8600,111.5200,1.798800
FILLER_36_165,VPWR,li1,82.3400,111.5200,1.798841
FILLER_36_153,VPWR,li1,76.1300,111.5200,1.798905
FILLER_36_147,VPWR,li1,74.5200,111.5200,1.798905
FILLER_36_136,VPWR,li1,69.0000,111.5200,1.798964
FILLER_36_113,VPWR,li1,57.7300,111.5200,1.799135
FILLER_36_107,VPWR,li1,56.1200,111.5200,1.799135
FILLER_36_94,VPWR,li1,49.6800,111.5200,1.799243
FILLER_36_48,VPWR,li1,28.0600,111.5200,1.799623
FILLER_36_29,VPWR,li1,19.5500,111.5200,1.799756
FILLER_36_25,VPWR,li1,17.7100,111.5200,1.799752
FILLER_36_3,VPWR,li1,8.2800,111.5200,1.799743
FILLER_35_225,VPWR,li1,111.7800,106.0800,1.798748
FILLER_35_218,VPWR,li1,107.1800,106.0800,1.798755
FILLER_35_206,VPWR,li1,103.0400,106.0800,1.798767
FILLER_35_183,VPWR,li1,90.3900,106.0800,1.798812
FILLER_35_167,VPWR,li1,82.5700,106.0800,1.798865
FILLER_35_143,VPWR,li1,71.5300,106.0800,1.798959
FILLER_35_108,VPWR,li1,56.1200,106.0800,1.799129
FILLER_35_57,VPWR,li1,32.4300,106.0800,1.799511
FILLER_35_25,VPWR,li1,17.9400,106.0800,1.799731
FILLER_35_15,VPWR,li1,12.6500,106.0800,1.799730
FILLER_35_3,VPWR,li1,9.6600,106.0800,1.799730
FILLER_34_253,VPWR,li1,122.8200,106.0800,1.798737
FILLER_34_239,VPWR,li1,115.9200,106.0800,1.798741
FILLER_34_197,VPWR,li1,96.6000,106.0800,1.798786
FILLER_34_194,VPWR,li1,95.2200,106.0800,1.798786
FILLER_34_109,VPWR,li1,57.0400,106.0800,1.799129
FILLER_34_91,VPWR,li1,47.8400,106.0800,1.799238
FILLER_34_83,VPWR,li1,43.9300,106.0800,1.799294
FILLER_34_61,VPWR,li1,34.0400,106.0800,1.799511
FILLER_34_33,VPWR,li1,20.9300,106.0800,1.799731
FILLER_34_29,VPWR,li1,19.7800,106.0800,1.799731
FILLER_34_27,VPWR,li1,18.1700,106.0800,1.799731
FILLER_34_21,VPWR,li1,16.5600,106.0800,1.799730
FILLER_34_9,VPWR,li1,12.4200,106.0800,1.799730
FILLER_33_251,VPWR,li1,121.6700,100.6400,1.798640
FILLER_33_229,VPWR,li1,111.0900,100.6400,1.798649
FILLER_33_225,VPWR,li1,109.9400,100.6400,1.798653
FILLER_33_200,VPWR,li1,98.4400,100.6400,1.798691
FILLER_33_169,VPWR,li1,83.9500,100.6400,1.798837
FILLER_33_166,VPWR,li1,82.3400,100.6400,1.798837
FILLER_33_138,VPWR,li1,69.6900,100.6400,1.799007
FILLER_33_125,VPWR,li1,63.4800,100.6400,1.799071
FILLER_33_113,VPWR,li1,60.2600,100.6400,1.799121
FILLER_33_108,VPWR,li1,56.1200,100.6400,1.799203
FILLER_33_98,VPWR,li1,50.8300,100.6400,1.799277
FILLER_33_90,VPWR,li1,48.7600,100.6400,1.799337
FILLER_33_78,VPWR,li1,44.1600,100.6400,1.799396
FILLER_33_66,VPWR,li1,38.6400,100.6400,1.799511
FILLER_33_44,VPWR,li1,28.5200,100.6400,1.799664
FILLER_33_33,VPWR,li1,21.1600,100.6400,1.799795
FILLER_33_22,VPWR,li1,16.1000,100.6400,1.799780
FILLER_33_3,VPWR,li1,7.5900,100.6400,1.799775
FILLER_32_195,VPWR,li1,95.4500,100.6400,1.798716
FILLER_32_191,VPWR,li1,94.3000,100.6400,1.798716
FILLER_32_179,VPWR,li1,88.3200,100.6400,1.798770
FILLER_32_171,VPWR,li1,86.0200,100.6400,1.798798
FILLER_32_159,VPWR,li1,81.4200,100.6400,1.798865
FILLER_32_149,VPWR,li1,74.2900,100.6400,1.798931
FILLER_32_141,VPWR,li1,72.2200,100.6400,1.798954
FILLER_32_139,VPWR,li1,69.6900,100.6400,1.799007
FILLER_32_133,VPWR,li1,68.0800,100.6400,1.799007
FILLER_32_126,VPWR,li1,63.7100,100.6400,1.799071
FILLER_32_118,VPWR,li1,61.6400,100.6400,1.799121
FILLER_32_97,VPWR,li1,51.9800,100.6400,1.799277
FILLER_32_85,VPWR,li1,47.3800,100.6400,1.799337
FILLER_32_83,VPWR,li1,43.9300,100.6400,1.799396
FILLER_32_75,VPWR,li1,41.8600,100.6400,1.799432
FILLER_32_63,VPWR,li1,37.2600,100.6400,1.799511
FILLER_32_50,VPWR,li1,29.4400,100.6400,1.799664
FILLER_31_243,VPWR,li1,117.9900,95.2000,1.799320
FILLER_31_231,VPWR,li1,112.0100,95.2000,1.799326
FILLER_31_225,VPWR,li1,110.4000,95.2000,1.799326
FILLER_31_223,VPWR,li1,108.3300,95.2000,1.799329
FILLER_31_215,VPWR,li1,106.2600,95.2000,1.799332
FILLER_31_193,VPWR,li1,94.7600,95.2000,1.799359
FILLER_31_181,VPWR,li1,91.5400,95.2000,1.799366
FILLER_31_169,VPWR,li1,86.0200,95.2000,1.799386
FILLER_31_160,VPWR,li1,80.9600,95.2000,1.799398
FILLER_31_148,VPWR,li1,76.3600,95.2000,1.799416
FILLER_31_137,VPWR,li1,69.0000,95.2000,1.799448
FILLER_31_129,VPWR,li1,66.7000,95.2000,1.799459
FILLER_31_111,VPWR,li1,56.8100,95.2000,1.799526
FILLER_31_107,VPWR,li1,55.6600,95.2000,1.799526
FILLER_31_97,VPWR,li1,50.3700,95.2000,1.799565
FILLER_31_89,VPWR,li1,48.3000,95.2000,1.799581
FILLER_31_63,VPWR,li1,34.7300,95.2000,1.799725
FILLER_31_57,VPWR,li1,33.1200,95.2000,1.799725
FILLER_31_53,VPWR,li1,30.5900,95.2000,1.799752
FILLER_31_45,VPWR,li1,28.0600,95.2000,1.799782
FILLER_31_28,VPWR,li1,18.6300,95.2000,1.799852
FILLER_31_22,VPWR,li1,17.0200,95.2000,1.799852
FILLER_31_3,VPWR,li1,7.5900,95.2000,1.799846
FILLER_30_253,VPWR,li1,122.1300,95.2000,1.799320
FILLER_30_228,VPWR,li1,111.3200,95.2000,1.799326
FILLER_30_217,VPWR,li1,106.2600,95.2000,1.799332
FILLER_30_195,VPWR,li1,95.4500,95.2000,1.799359
FILLER_30_189,VPWR,li1,93.8400,95.2000,1.799359
FILLER_30_177,VPWR,li1,89.7000,95.2000,1.799371
FILLER_30_141,VPWR,li1,70.8400,95.2000,1.799440
FILLER_30_138,VPWR,li1,69.4600,95.2000,1.799448
FILLER_30_85,VPWR,li1,45.0800,95.2000,1.799614
FILLER_30_41,VPWR,li1,25.7600,95.2000,1.799809
FILLER_30_29,VPWR,li1,21.6200,95.2000,1.799858
FILLER_30_24,VPWR,li1,17.4800,95.2000,1.799852
FILLER_30_3,VPWR,li1,9.6600,95.2000,1.799846
FILLER_29_256,VPWR,li1,123.5100,89.7600,1.799015
FILLER_29_250,VPWR,li1,121.9000,89.7600,1.799015
FILLER_29_229,VPWR,li1,111.0900,89.7600,1.799022
FILLER_29_225,VPWR,li1,109.9400,89.7600,1.799022
FILLER_29_221,VPWR,li1,107.8700,89.7600,1.799025
FILLER_29_209,VPWR,li1,104.4200,89.7600,1.799030
FILLER_29_197,VPWR,li1,98.9000,89.7600,1.799043
FILLER_29_185,VPWR,li1,93.3800,89.7600,1.799056
FILLER_29_129,VPWR,li1,65.3200,89.7600,1.799254
FILLER_29_111,VPWR,li1,56.8100,89.7600,1.799344
FILLER_29_105,VPWR,li1,55.2000,89.7600,1.799367
FILLER_29_88,VPWR,li1,46.2300,89.7600,1.799482
FILLER_29_84,VPWR,li1,45.0800,89.7600,1.799482
FILLER_29_66,VPWR,li1,36.3400,89.7600,1.799596
FILLER_29_55,VPWR,li1,31.0500,89.7600,1.799690
FILLER_29_51,VPWR,li1,29.9000,89.7600,1.799690
FILLER_29_39,VPWR,li1,26.2200,89.7600,1.799746
FILLER_29_27,VPWR,li1,20.7000,89.7600,1.799833
FILLER_29_15,VPWR,li1,15.1800,89.7600,1.799832
FILLER_29_3,VPWR,li1,9.6600,89.7600,1.799832
FILLER_28_253,VPWR,li1,122.8200,89.7600,1.799015
FILLER_28_244,VPWR,li1,119.6000,89.7600,1.799015
FILLER_28_203,VPWR,li1,99.1300,89.7600,1.799043
FILLER_28_197,VPWR,li1,97.5200,89.7600,1.799050
FILLER_28_192,VPWR,li1,94.7600,89.7600,1.799056
FILLER_28_175,VPWR,li1,87.4000,89.7600,1.799081
FILLER_28_157,VPWR,li1,78.2000,89.7600,1.799141
FILLER_28_139,VPWR,li1,69.6900,89.7600,1.799213
FILLER_28_131,VPWR,li1,67.6200,89.7600,1.799232
FILLER_28_119,VPWR,li1,63.0200,89.7600,1.799277
FILLER_28_104,VPWR,li1,54.7400,89.7600,1.799367
FILLER_28_93,VPWR,li1,48.7600,89.7600,1.799435
FILLER_28_85,VPWR,li1,46.4600,89.7600,1.799482
FILLER_28_83,VPWR,li1,43.9300,89.7600,1.799510
FILLER_28_79,VPWR,li1,42.7800,89.7600,1.799510
FILLER_28_45,VPWR,li1,27.1400,89.7600,1.799746
FILLER_28_27,VPWR,li1,18.1700,89.7600,1.799832
FILLER_28_15,VPWR,li1,13.1100,89.7600,1.799832
FILLER_28_3,VPWR,li1,9.6600,89.7600,1.799832
FILLER_27_256,VPWR,li1,123.5100,84.3200,1.798780
FILLER_27_248,VPWR,li1,121.4400,84.3200,1.798780
FILLER_27_225,VPWR,li1,109.7100,84.3200,1.798794
FILLER_27_223,VPWR,li1,108.3300,84.3200,1.798798
FILLER_27_217,VPWR,li1,106.7200,84.3200,1.798798
FILLER_27_205,VPWR,li1,102.5800,84.3200,1.798808
FILLER_27_175,VPWR,li1,87.4000,84.3200,1.798868
FILLER_27_167,VPWR,li1,82.5700,84.3200,1.798911
FILLER_27_150,VPWR,li1,74.7500,84.3200,1.798971
FILLER_27_137,VPWR,li1,69.4600,84.3200,1.799045
FILLER_27_125,VPWR,li1,65.7800,84.3200,1.799087
FILLER_27_113,VPWR,li1,60.2600,84.3200,1.799160
FILLER_27_104,VPWR,li1,55.2000,84.3200,1.799235
FILLER_27_92,VPWR,li1,50.6000,84.3200,1.799292
FILLER_27_66,VPWR,li1,36.8000,84.3200,1.799495
FILLER_27_48,VPWR,li1,29.4400,84.3200,1.799615
FILLER_27_26,VPWR,li1,17.7100,84.3200,1.799757
FILLER_27_9,VPWR,li1,9.8900,84.3200,1.799748
FILLER_27_3,VPWR,li1,8.2800,84.3200,1.799748
FILLER_26_253,VPWR,li1,122.8200,84.3200,1.798780
FILLER_26_231,VPWR,li1,112.0100,84.3200,1.798788
FILLER_26_219,VPWR,li1,109.0200,84.3200,1.798794
FILLER_26_197,VPWR,li1,96.6000,84.3200,1.798824
FILLER_26_184,VPWR,li1,92.9200,84.3200,1.798832
FILLER_26_172,VPWR,li1,87.4000,84.3200,1.798868
FILLER_26_164,VPWR,li1,81.1900,84.3200,1.798911
FILLER_26_134,VPWR,li1,68.5400,84.3200,1.799045
FILLER_26_124,VPWR,li1,62.7900,84.3200,1.799131
FILLER_26_120,VPWR,li1,61.6400,84.3200,1.799131
FILLER_26_113,VPWR,li1,57.7300,84.3200,1.799196
FILLER_26_109,VPWR,li1,56.5800,84.3200,1.799196
FILLER_26_99,VPWR,li1,51.2900,84.3200,1.799265
FILLER_26_91,VPWR,li1,49.2200,84.3200,1.799292
FILLER_26_83,VPWR,li1,43.9300,84.3200,1.799380
FILLER_26_79,VPWR,li1,42.7800,84.3200,1.799380
FILLER_26_64,VPWR,li1,35.8800,84.3200,1.799495
FILLER_26_29,VPWR,li1,19.5500,84.3200,1.799760
FILLER_26_25,VPWR,li1,17.7100,84.3200,1.799757
FILLER_26_3,VPWR,li1,8.2800,84.3200,1.799748
FILLER_25_256,VPWR,li1,123.5100,78.8800,1.798972
FILLER_25_237,VPWR,li1,115.2300,78.8800,1.798975
FILLER_25_225,VPWR,li1,111.7800,78.8800,1.798982
FILLER_25_216,VPWR,li1,106.7200,78.8800,1.798992
FILLER_25_204,VPWR,li1,102.1200,78.8800,1.799001
FILLER_25_182,VPWR,li1,89.4700,78.8800,1.799039
FILLER_25_169,VPWR,li1,84.6400,78.8800,1.799063
FILLER_25_165,VPWR,li1,82.1100,78.8800,1.799082
FILLER_25_123,VPWR,li1,62.5600,78.8800,1.799221
FILLER_25_113,VPWR,li1,58.1900,78.8800,1.799275
FILLER_25_109,VPWR,li1,56.3500,78.8800,1.799300
FILLER_25_87,VPWR,li1,45.7700,78.8800,1.799431
FILLER_25_83,VPWR,li1,44.6200,78.8800,1.799431
FILLER_25_61,VPWR,li1,33.8100,78.8800,1.799578
FILLER_25_57,VPWR,li1,32.6600,78.8800,1.799613
FILLER_25_50,VPWR,li1,29.9000,78.8800,1.799647
FILLER_25_26,VPWR,li1,18.4000,78.8800,1.799801
FILLER_25_15,VPWR,li1,12.8800,78.8800,1.799798
FILLER_25_3,VPWR,li1,9.6600,78.8800,1.799798
FILLER_24_253,VPWR,li1,122.1300,78.8800,1.798972
FILLER_24_250,VPWR,li1,120.9800,78.8800,1.798972
FILLER_24_202,VPWR,li1,100.2800,78.8800,1.799005
FILLER_24_168,VPWR,li1,83.0300,78.8800,1.799082
FILLER_24_162,VPWR,li1,81.4200,78.8800,1.799082
FILLER_24_139,VPWR,li1,69.6900,78.8800,1.799171
FILLER_24_135,VPWR,li1,68.5400,78.8800,1.799171
FILLER_24_118,VPWR,li1,60.0300,78.8800,1.799246
FILLER_24_85,VPWR,li1,45.3100,78.8800,1.799431
FILLER_24_76,VPWR,li1,42.3200,78.8800,1.799458
FILLER_24_56,VPWR,li1,32.2000,78.8800,1.799613
FILLER_24_45,VPWR,li1,26.6800,78.8800,1.799697
FILLER_24_35,VPWR,li1,21.8500,78.8800,1.799803
FILLER_24_29,VPWR,li1,20.2400,78.8800,1.799803
FILLER_24_24,VPWR,li1,17.4800,78.8800,1.799801
FILLER_24_3,VPWR,li1,7.5900,78.8800,1.799798
FILLER_23_251,VPWR,li1,121.6700,73.4400,1.798541
FILLER_23_225,VPWR,li1,111.7800,73.4400,1.798551
FILLER_23_202,VPWR,li1,98.9000,73.4400,1.798579
FILLER_23_139,VPWR,li1,69.6900,73.4400,1.798767
FILLER_23_122,VPWR,li1,61.8700,73.4400,1.798868
FILLER_23_63,VPWR,li1,34.7300,73.4400,1.799414
FILLER_23_57,VPWR,li1,33.1200,73.4400,1.799487
FILLER_23_46,VPWR,li1,26.9100,73.4400,1.799597
FILLER_23_23,VPWR,li1,16.5600,73.4400,1.799708
FILLER_23_3,VPWR,li1,7.8200,73.4400,1.799699
FILLER_22_253,VPWR,li1,122.8200,73.4400,1.798541
FILLER_22_250,VPWR,li1,120.9800,73.4400,1.798541
FILLER_22_242,VPWR,li1,118.6800,73.4400,1.798541
FILLER_22_226,VPWR,li1,112.2400,73.4400,1.798551
FILLER_22_214,VPWR,li1,106.7200,73.4400,1.798560
FILLER_22_197,VPWR,li1,96.8300,73.4400,1.798590
FILLER_22_174,VPWR,li1,86.0200,73.4400,1.798642
FILLER_22_154,VPWR,li1,76.5900,73.4400,1.798719
FILLER_22_150,VPWR,li1,75.4400,73.4400,1.798719
FILLER_22_114,VPWR,li1,59.3400,73.4400,1.798914
FILLER_22_102,VPWR,li1,55.2000,73.4400,1.798990
FILLER_22_85,VPWR,li1,44.8500,73.4400,1.799202
FILLER_22_76,VPWR,li1,42.3200,73.4400,1.799246
FILLER_22_66,VPWR,li1,36.1100,73.4400,1.799414
FILLER_22_47,VPWR,li1,27.8300,73.4400,1.799597
FILLER_22_29,VPWR,li1,19.3200,73.4400,1.799712
FILLER_22_24,VPWR,li1,17.4800,73.4400,1.799708
FILLER_22_7,VPWR,li1,8.9700,73.4400,1.799699
FILLER_22_3,VPWR,li1,7.8200,73.4400,1.799699
FILLER_21_256,VPWR,li1,123.5100,68.0000,1.799018
FILLER_21_252,VPWR,li1,122.3600,68.0000,1.799018
FILLER_21_222,VPWR,li1,108.1000,68.0000,1.799045
FILLER_21_210,VPWR,li1,104.8800,68.0000,1.799057
FILLER_21_181,VPWR,li1,89.0100,68.0000,1.799116
FILLER_21_169,VPWR,li1,83.4900,68.0000,1.799157
FILLER_21_145,VPWR,li1,73.1400,68.0000,1.799252
FILLER_21_133,VPWR,li1,67.3900,68.0000,1.799318
FILLER_21_125,VPWR,li1,64.8600,68.0000,1.799337
FILLER_21_113,VPWR,li1,60.2600,68.0000,1.799390
FILLER_21_109,VPWR,li1,56.3500,68.0000,1.799432
FILLER_21_101,VPWR,li1,53.8200,68.0000,1.799471
FILLER_21_89,VPWR,li1,47.1500,68.0000,1.799538
FILLER_21_81,VPWR,li1,44.6200,68.0000,1.799583
FILLER_21_69,VPWR,li1,40.0200,68.0000,1.799621
FILLER_21_57,VPWR,li1,34.5000,68.0000,1.799686
FILLER_21_55,VPWR,li1,31.0500,68.0000,1.799748
FILLER_21_49,VPWR,li1,29.4400,68.0000,1.799748
FILLER_21_37,VPWR,li1,25.3000,68.0000,1.799808
FILLER_21_15,VPWR,li1,13.8000,68.0000,1.799855
FILLER_21_3,VPWR,li1,9.6600,68.0000,1.799855
FILLER_20_253,VPWR,li1,122.8200,68.0000,1.799018
FILLER_20_248,VPWR,li1,120.5200,68.0000,1.799018
FILLER_20_227,VPWR,li1,110.1700,68.0000,1.799038
FILLER_20_221,VPWR,li1,108.5600,68.0000,1.799045
FILLER_20_209,VPWR,li1,104.4200,68.0000,1.799057
FILLER_20_197,VPWR,li1,98.9000,68.0000,1.799075
FILLER_20_193,VPWR,li1,94.9900,68.0000,1.799094
FILLER_20_184,VPWR,li1,91.5400,68.0000,1.799106
FILLER_20_180,VPWR,li1,88.5500,68.0000,1.799126
FILLER_20_157,VPWR,li1,77.9700,68.0000,1.799214
FILLER_20_153,VPWR,li1,76.8200,68.0000,1.799214
FILLER_20_141,VPWR,li1,73.1400,68.0000,1.799252
FILLER_20_137,VPWR,li1,69.2300,68.0000,1.799292
FILLER_20_129,VPWR,li1,66.7000,68.0000,1.799318
FILLER_20_117,VPWR,li1,60.0300,68.0000,1.799390
FILLER_20_109,VPWR,li1,57.5000,68.0000,1.799432
FILLER_20_97,VPWR,li1,52.9000,68.0000,1.799471
FILLER_20_85,VPWR,li1,47.3800,68.0000,1.799538
FILLER_20_80,VPWR,li1,43.2400,68.0000,1.799583
FILLER_20_65,VPWR,li1,36.8000,68.0000,1.799659
FILLER_20_46,VPWR,li1,27.3700,68.0000,1.799775
FILLER_20_38,VPWR,li1,24.8400,68.0000,1.799808
FILLER_20_27,VPWR,li1,18.1700,68.0000,1.799855
FILLER_20_15,VPWR,li1,15.1800,68.0000,1.799855
FILLER_20_3,VPWR,li1,9.6600,68.0000,1.799855
FILLER_19_251,VPWR,li1,122.3600,62.5600,1.798691
FILLER_19_233,VPWR,li1,112.9300,62.5600,1.798704
FILLER_19_225,VPWR,li1,110.8600,62.5600,1.798710
FILLER_19_222,VPWR,li1,108.1000,62.5600,1.798720
FILLER_19_214,VPWR,li1,105.8000,62.5600,1.798729
FILLER_19_202,VPWR,li1,101.2000,62.5600,1.798746
FILLER_19_182,VPWR,li1,89.4700,62.5600,1.798830
FILLER_19_165,VPWR,li1,82.1100,62.5600,1.798900
FILLER_19_146,VPWR,li1,74.0600,62.5600,1.798985
FILLER_19_113,VPWR,li1,57.7300,62.5600,1.799203
FILLER_19_109,VPWR,li1,56.3500,62.5600,1.799203
FILLER_19_99,VPWR,li1,51.2900,62.5600,1.799276
FILLER_19_91,VPWR,li1,49.2200,62.5600,1.799308
FILLER_19_65,VPWR,li1,35.6500,62.5600,1.799535
FILLER_19_57,VPWR,li1,33.5800,62.5600,1.799594
FILLER_19_53,VPWR,li1,30.5900,62.5600,1.799629
FILLER_19_45,VPWR,li1,28.0600,62.5600,1.799676
FILLER_19_35,VPWR,li1,21.8500,62.5600,1.799795
FILLER_19_27,VPWR,li1,19.7800,62.5600,1.799793
FILLER_19_15,VPWR,li1,15.1800,62.5600,1.799792
FILLER_19_3,VPWR,li1,9.6600,62.5600,1.799791
FILLER_18_253,VPWR,li1,122.8200,62.5600,1.798691
FILLER_18_249,VPWR,li1,120.7500,62.5600,1.798691
FILLER_18_240,VPWR,li1,116.3800,62.5600,1.798697
FILLER_18_195,VPWR,li1,95.4500,62.5600,1.798780
FILLER_18_149,VPWR,li1,74.2900,62.5600,1.798985
FILLER_18_141,VPWR,li1,72.2200,62.5600,1.799005
FILLER_18_139,VPWR,li1,69.6900,62.5600,1.799033
FILLER_18_85,VPWR,li1,46.4600,62.5600,1.799351
FILLER_18_50,VPWR,li1,29.4400,62.5600,1.799676
FILLER_18_9,VPWR,li1,9.8900,62.5600,1.799791
FILLER_18_3,VPWR,li1,8.2800,62.5600,1.799791
FILLER_17_255,VPWR,li1,123.2800,57.1200,1.799011
FILLER_17_247,VPWR,li1,120.9800,57.1200,1.799011
FILLER_17_225,VPWR,li1,109.4800,57.1200,1.799026
FILLER_17_221,VPWR,li1,107.8700,57.1200,1.799026
FILLER_17_213,VPWR,li1,105.3400,57.1200,1.799031
FILLER_17_143,VPWR,li1,73.1400,57.1200,1.799227
FILLER_17_131,VPWR,li1,68.5400,57.1200,1.799272
FILLER_17_113,VPWR,li1,57.9600,57.1200,1.799376
FILLER_17_109,VPWR,li1,56.3500,57.1200,1.799376
FILLER_17_85,VPWR,li1,46.4600,57.1200,1.799485
FILLER_17_66,VPWR,li1,36.5700,57.1200,1.799607
FILLER_17_50,VPWR,li1,29.9000,57.1200,1.799698
FILLER_17_28,VPWR,li1,19.7800,57.1200,1.799811
FILLER_17_11,VPWR,li1,10.8100,57.1200,1.799797
FILLER_17_3,VPWR,li1,8.7400,57.1200,1.799797
FILLER_16_253,VPWR,li1,122.8200,57.1200,1.799011
FILLER_16_251,VPWR,li1,121.2100,57.1200,1.799011
FILLER_16_231,VPWR,li1,112.4700,57.1200,1.799017
FILLER_16_219,VPWR,li1,109.0200,57.1200,1.799026
FILLER_16_207,VPWR,li1,103.5000,57.1200,1.799034
FILLER_16_197,VPWR,li1,96.8300,57.1200,1.799047
FILLER_16_192,VPWR,li1,94.7600,57.1200,1.799059
FILLER_16_186,VPWR,li1,91.3100,57.1200,1.799079
FILLER_16_178,VPWR,li1,89.2400,57.1200,1.799092
FILLER_16_168,VPWR,li1,83.0300,57.1200,1.799136
FILLER_16_160,VPWR,li1,80.9600,57.1200,1.799152
FILLER_16_141,VPWR,li1,72.2200,57.1200,1.799227
FILLER_16_128,VPWR,li1,67.1600,57.1200,1.799272
FILLER_16_117,VPWR,li1,59.8000,57.1200,1.799341
FILLER_16_97,VPWR,li1,50.6000,57.1200,1.799437
FILLER_16_85,VPWR,li1,47.3800,57.1200,1.799485
FILLER_16_83,VPWR,li1,43.9300,57.1200,1.799515
FILLER_16_68,VPWR,li1,38.1800,57.1200,1.799607
FILLER_16_51,VPWR,li1,29.2100,57.1200,1.799730
FILLER_16_45,VPWR,li1,27.6000,57.1200,1.799730
FILLER_16_27,VPWR,li1,18.1700,57.1200,1.799806
FILLER_16_23,VPWR,li1,17.0200,57.1200,1.799806
FILLER_16_3,VPWR,li1,7.8200,57.1200,1.799797
FILLER_15_250,VPWR,li1,121.4400,51.6800,1.798012
FILLER_15_225,VPWR,li1,109.9400,51.6800,1.798032
FILLER_15_189,VPWR,li1,92.6900,51.6800,1.798145
FILLER_15_160,VPWR,li1,79.3500,51.6800,1.798346
FILLER_15_154,VPWR,li1,77.7400,51.6800,1.798346
FILLER_15_128,VPWR,li1,64.6300,51.6800,1.798593
FILLER_15_122,VPWR,li1,63.0200,51.6800,1.798593
FILLER_15_111,VPWR,li1,56.8100,51.6800,1.798730
FILLER_15_107,VPWR,li1,55.6600,51.6800,1.798730
FILLER_15_87,VPWR,li1,46.4600,51.6800,1.798924
FILLER_15_66,VPWR,li1,36.1100,51.6800,1.799207
FILLER_15_35,VPWR,li1,21.8500,51.6800,1.799664
FILLER_15_27,VPWR,li1,19.7800,51.6800,1.799664
FILLER_15_15,VPWR,li1,15.1800,51.6800,1.799664
FILLER_15_3,VPWR,li1,9.6600,51.6800,1.799664
FILLER_14_253,VPWR,li1,122.1300,51.6800,1.798012
FILLER_14_248,VPWR,li1,120.5200,51.6800,1.798012
FILLER_14_207,VPWR,li1,100.9700,51.6800,1.798083
FILLER_14_201,VPWR,li1,99.3600,51.6800,1.798083
FILLER_14_194,VPWR,li1,95.2200,51.6800,1.798117
FILLER_14_163,VPWR,li1,81.8800,51.6800,1.798292
FILLER_14_141,VPWR,li1,70.6100,51.6800,1.798468
FILLER_14_130,VPWR,li1,65.5500,51.6800,1.798552
FILLER_14_82,VPWR,li1,43.7000,51.6800,1.799007
FILLER_14_65,VPWR,li1,35.6500,51.6800,1.799207
FILLER_14_37,VPWR,li1,22.7700,51.6800,1.799594
FILLER_14_29,VPWR,li1,20.7000,51.6800,1.799664
FILLER_14_27,VPWR,li1,18.1700,51.6800,1.799664
FILLER_14_15,VPWR,li1,15.1800,51.6800,1.799664
FILLER_14_3,VPWR,li1,9.6600,51.6800,1.799664
FILLER_13_249,VPWR,li1,121.9000,46.2400,1.799191
FILLER_13_237,VPWR,li1,117.3000,46.2400,1.799191
FILLER_13_225,VPWR,li1,111.7800,46.2400,1.799191
FILLER_13_222,VPWR,li1,108.1000,46.2400,1.799191
FILLER_13_210,VPWR,li1,104.8800,46.2400,1.799191
FILLER_13_169,VPWR,li1,84.1800,46.2400,1.799220
FILLER_13_160,VPWR,li1,80.9600,46.2400,1.799227
FILLER_13_122,VPWR,li1,63.0200,46.2400,1.799328
FILLER_13_94,VPWR,li1,49.2200,46.2400,1.799441
FILLER_13_63,VPWR,li1,34.7300,46.2400,1.799642
FILLER_13_57,VPWR,li1,33.1200,46.2400,1.799642
FILLER_13_55,VPWR,li1,31.0500,46.2400,1.799670
FILLER_13_51,VPWR,li1,29.9000,46.2400,1.799696
FILLER_13_11,VPWR,li1,10.8100,46.2400,1.799817
FILLER_13_3,VPWR,li1,8.7400,46.2400,1.799817
FILLER_12_253,VPWR,li1,122.8200,46.2400,1.799191
FILLER_12_251,VPWR,li1,121.2100,46.2400,1.799191
FILLER_12_245,VPWR,li1,119.6000,46.2400,1.799191
FILLER_12_233,VPWR,li1,115.4600,46.2400,1.799191
FILLER_12_221,VPWR,li1,109.9400,46.2400,1.799191
FILLER_12_209,VPWR,li1,104.4200,46.2400,1.799191
FILLER_12_197,VPWR,li1,98.9000,46.2400,1.799191
FILLER_12_192,VPWR,li1,94.7600,46.2400,1.799194
FILLER_12_159,VPWR,li1,78.8900,46.2400,1.799235
FILLER_12_123,VPWR,li1,62.3300,46.2400,1.799328
FILLER_12_105,VPWR,li1,54.2800,46.2400,1.799401
FILLER_12_85,VPWR,li1,45.5400,46.2400,1.799495
FILLER_12_51,VPWR,li1,29.2100,46.2400,1.799696
FILLER_12_29,VPWR,li1,20.2400,46.2400,1.799827
FILLER_12_11,VPWR,li1,10.8100,46.2400,1.799817
FILLER_12_3,VPWR,li1,8.7400,46.2400,1.799817
FILLER_11_245,VPWR,li1,118.4500,40.8000,1.799687
FILLER_11_237,VPWR,li1,116.3800,40.8000,1.799687
FILLER_11_225,VPWR,li1,111.7800,40.8000,1.799687
FILLER_11_223,VPWR,li1,108.3300,40.8000,1.799687
FILLER_11_211,VPWR,li1,105.3400,40.8000,1.799687
FILLER_11_199,VPWR,li1,99.8200,40.8000,1.799687
FILLER_11_187,VPWR,li1,94.3000,40.8000,1.799687
FILLER_11_166,VPWR,li1,82.3400,40.8000,1.799689
FILLER_11_149,VPWR,li1,75.9000,40.8000,1.799698
FILLER_11_137,VPWR,li1,71.3000,40.8000,1.799709
FILLER_11_125,VPWR,li1,65.7800,40.8000,1.799726
FILLER_11_113,VPWR,li1,60.2600,40.8000,1.799738
FILLER_11_106,VPWR,li1,55.6600,40.8000,1.799754
FILLER_11_95,VPWR,li1,49.6800,40.8000,1.799777
FILLER_11_83,VPWR,li1,46.4600,40.8000,1.799791
FILLER_11_70,VPWR,li1,38.6400,40.8000,1.799828
FILLER_11_57,VPWR,li1,32.6600,40.8000,1.799857
FILLER_11_54,VPWR,li1,30.8200,40.8000,1.799867
FILLER_11_25,VPWR,li1,17.9400,40.8000,1.799920
FILLER_11_3,VPWR,li1,8.2800,40.8000,1.799915
FILLER_10_253,VPWR,li1,122.8200,40.8000,1.799687
FILLER_10_251,VPWR,li1,121.2100,40.8000,1.799687
FILLER_10_245,VPWR,li1,119.6000,40.8000,1.799687
FILLER_10_233,VPWR,li1,115.4600,40.8000,1.799687
FILLER_10_221,VPWR,li1,109.9400,40.8000,1.799687
FILLER_10_209,VPWR,li1,104.4200,40.8000,1.799687
FILLER_10_197,VPWR,li1,98.9000,40.8000,1.799687
FILLER_10_190,VPWR,li1,94.3000,40.8000,1.799687
FILLER_10_178,VPWR,li1,90.1600,40.8000,1.799687
FILLER_10_168,VPWR,li1,83.0300,40.8000,1.799689
FILLER_10_150,VPWR,li1,74.9800,40.8000,1.799698
FILLER_10_132,VPWR,li1,68.0800,40.8000,1.799715
FILLER_10_120,VPWR,li1,61.4100,40.8000,1.799738
FILLER_10_112,VPWR,li1,58.8800,40.8000,1.799747
FILLER_10_102,VPWR,li1,52.6700,40.8000,1.799766
FILLER_10_94,VPWR,li1,50.6000,40.8000,1.799777
FILLER_10_82,VPWR,li1,43.7000,40.8000,1.799804
FILLER_10_70,VPWR,li1,40.4800,40.8000,1.799819
FILLER_10_58,VPWR,li1,34.9600,40.8000,1.799846
FILLER_10_46,VPWR,li1,29.4400,40.8000,1.799880
FILLER_10_29,VPWR,li1,20.7000,40.8000,1.799923
FILLER_10_27,VPWR,li1,18.1700,40.8000,1.799920
FILLER_10_15,VPWR,li1,15.1800,40.8000,1.799917
FILLER_10_3,VPWR,li1,9.6600,40.8000,1.799915
FILLER_9_249,VPWR,li1,121.9000,35.3600,1.798895
FILLER_9_237,VPWR,li1,117.3000,35.3600,1.798895
FILLER_9_225,VPWR,li1,111.7800,35.3600,1.798895
FILLER_9_223,VPWR,li1,108.3300,35.3600,1.798895
FILLER_9_211,VPWR,li1,105.3400,35.3600,1.798895
FILLER_9_199,VPWR,li1,99.8200,35.3600,1.798895
FILLER_9_187,VPWR,li1,94.3000,35.3600,1.798895
FILLER_9_164,VPWR,li1,81.8800,35.3600,1.798916
FILLER_9_139,VPWR,li1,69.6900,35.3600,1.799027
FILLER_9_133,VPWR,li1,68.0800,35.3600,1.799027
FILLER_9_113,VPWR,li1,58.4200,35.3600,1.799166
FILLER_9_100,VPWR,li1,52.2100,35.3600,1.799238
FILLER_9_83,VPWR,li1,43.9300,35.3600,1.799364
FILLER_9_57,VPWR,li1,33.5800,35.3600,1.799541
FILLER_9_45,VPWR,li1,26.6800,35.3600,1.799681
FILLER_9_37,VPWR,li1,24.3800,35.3600,1.799718
FILLER_9_27,VPWR,li1,18.1700,35.3600,1.799796
FILLER_9_15,VPWR,li1,15.1800,35.3600,1.799796
FILLER_9_3,VPWR,li1,9.6600,35.3600,1.799796
FILLER_8_253,VPWR,li1,122.8200,35.3600,1.798895
FILLER_8_251,VPWR,li1,121.2100,35.3600,1.798895
FILLER_8_245,VPWR,li1,119.6000,35.3600,1.798895
FILLER_8_233,VPWR,li1,115.4600,35.3600,1.798895
FILLER_8_221,VPWR,li1,109.9400,35.3600,1.798895
FILLER_8_209,VPWR,li1,104.4200,35.3600,1.798895
FILLER_8_197,VPWR,li1,98.9000,35.3600,1.798895
FILLER_8_195,VPWR,li1,95.4500,35.3600,1.798895
FILLER_8_187,VPWR,li1,93.3800,35.3600,1.798895
FILLER_8_156,VPWR,li1,77.5100,35.3600,1.798938
FILLER_8_152,VPWR,li1,76.3600,35.3600,1.798948
FILLER_8_138,VPWR,li1,69.4600,35.3600,1.799027
FILLER_8_106,VPWR,li1,54.7400,35.3600,1.799202
FILLER_8_53,VPWR,li1,31.2800,35.3600,1.799585
FILLER_8_29,VPWR,li1,20.7000,35.3600,1.799796
FILLER_8_27,VPWR,li1,18.1700,35.3600,1.799796
FILLER_8_15,VPWR,li1,15.1800,35.3600,1.799796
FILLER_8_3,VPWR,li1,9.6600,35.3600,1.799796
FILLER_7_249,VPWR,li1,121.9000,29.9200,1.799403
FILLER_7_237,VPWR,li1,117.3000,29.9200,1.799403
FILLER_7_225,VPWR,li1,111.7800,29.9200,1.799403
FILLER_7_221,VPWR,li1,107.8700,29.9200,1.799403
FILLER_7_209,VPWR,li1,104.4200,29.9200,1.799403
FILLER_7_197,VPWR,li1,98.9000,29.9200,1.799403
FILLER_7_185,VPWR,li1,93.3800,29.9200,1.799403
FILLER_7_137,VPWR,li1,69.9200,29.9200,1.799421
FILLER_7_113,VPWR,li1,59.3400,29.9200,1.799451
FILLER_7_95,VPWR,li1,49.4500,29.9200,1.799507
FILLER_7_57,VPWR,li1,33.1200,29.9200,1.799683
FILLER_7_15,VPWR,li1,13.3400,29.9200,1.799825
FILLER_7_3,VPWR,li1,9.6600,29.9200,1.799825
FILLER_6_253,VPWR,li1,122.8200,29.9200,1.799403
FILLER_6_251,VPWR,li1,121.2100,29.9200,1.799403
FILLER_6_245,VPWR,li1,119.6000,29.9200,1.799403
FILLER_6_233,VPWR,li1,115.4600,29.9200,1.799403
FILLER_6_221,VPWR,li1,109.9400,29.9200,1.799403
FILLER_6_209,VPWR,li1,104.4200,29.9200,1.799403
FILLER_6_197,VPWR,li1,98.9000,29.9200,1.799403
FILLER_6_195,VPWR,li1,95.4500,29.9200,1.799403
FILLER_6_183,VPWR,li1,92.4600,29.9200,1.799403
FILLER_6_171,VPWR,li1,86.9400,29.9200,1.799403
FILLER_6_145,VPWR,li1,72.4500,29.9200,1.799415
FILLER_6_141,VPWR,li1,71.3000,29.9200,1.799415
FILLER_6_136,VPWR,li1,69.0000,29.9200,1.799421
FILLER_6_126,VPWR,li1,63.7100,29.9200,1.799440
FILLER_6_122,VPWR,li1,62.5600,29.9200,1.799440
FILLER_6_98,VPWR,li1,52.4400,29.9200,1.799482
FILLER_6_85,VPWR,li1,45.0800,29.9200,1.799539
FILLER_6_77,VPWR,li1,41.6300,29.9200,1.799566
FILLER_6_69,VPWR,li1,39.1000,29.9200,1.799601
FILLER_6_29,VPWR,li1,19.7800,29.9200,1.799827
FILLER_6_27,VPWR,li1,18.1700,29.9200,1.799825
FILLER_6_15,VPWR,li1,15.1800,29.9200,1.799825
FILLER_6_3,VPWR,li1,9.6600,29.9200,1.799825
FILLER_5_249,VPWR,li1,121.9000,24.4800,1.799936
FILLER_5_237,VPWR,li1,117.3000,24.4800,1.799936
FILLER_5_225,VPWR,li1,111.7800,24.4800,1.799936
FILLER_5_223,VPWR,li1,108.3300,24.4800,1.799936
FILLER_5_217,VPWR,li1,106.7200,24.4800,1.799936
FILLER_5_205,VPWR,li1,102.5800,24.4800,1.799936
FILLER_5_193,VPWR,li1,97.0600,24.4800,1.799936
FILLER_5_181,VPWR,li1,91.5400,24.4800,1.799936
FILLER_5_169,VPWR,li1,86.0200,24.4800,1.799936
FILLER_5_167,VPWR,li1,82.5700,24.4800,1.799937
FILLER_5_161,VPWR,li1,80.9600,24.4800,1.799937
FILLER_5_149,VPWR,li1,76.8200,24.4800,1.799938
FILLER_5_137,VPWR,li1,71.3000,24.4800,1.799939
FILLER_5_125,VPWR,li1,65.7800,24.4800,1.799941
FILLER_5_113,VPWR,li1,60.2600,24.4800,1.799942
FILLER_5_111,VPWR,li1,56.8100,24.4800,1.799943
FILLER_5_99,VPWR,li1,53.8200,24.4800,1.799944
FILLER_5_88,VPWR,li1,46.4600,24.4800,1.799948
FILLER_5_80,VPWR,li1,44.1600,24.4800,1.799950
FILLER_5_68,VPWR,li1,39.5600,24.4800,1.799953
FILLER_5_52,VPWR,li1,30.3600,24.4800,1.799962
FILLER_5_42,VPWR,li1,25.0700,24.4800,1.799971
FILLER_5_38,VPWR,li1,23.9200,24.4800,1.799971
FILLER_5_21,VPWR,li1,15.4100,24.4800,1.799971
FILLER_5_15,VPWR,li1,13.8000,24.4800,1.799971
FILLER_5_3,VPWR,li1,9.6600,24.4800,1.799971
FILLER_4_253,VPWR,li1,122.8200,24.4800,1.799936
FILLER_4_251,VPWR,li1,121.2100,24.4800,1.799936
FILLER_4_245,VPWR,li1,119.6000,24.4800,1.799936
FILLER_4_233,VPWR,li1,115.4600,24.4800,1.799936
FILLER_4_221,VPWR,li1,109.9400,24.4800,1.799936
FILLER_4_209,VPWR,li1,104.4200,24.4800,1.799936
FILLER_4_197,VPWR,li1,98.9000,24.4800,1.799936
FILLER_4_190,VPWR,li1,94.3000,24.4800,1.799936
FILLER_4_178,VPWR,li1,90.1600,24.4800,1.799936
FILLER_4_165,VPWR,li1,82.3400,24.4800,1.799937
FILLER_4_153,VPWR,li1,78.6600,24.4800,1.799937
FILLER_4_141,VPWR,li1,73.1400,24.4800,1.799939
FILLER_4_137,VPWR,li1,69.2300,24.4800,1.799940
FILLER_4_125,VPWR,li1,65.7800,24.4800,1.799941
FILLER_4_113,VPWR,li1,60.2600,24.4800,1.799942
FILLER_4_103,VPWR,li1,53.1300,24.4800,1.799945
FILLER_4_97,VPWR,li1,51.5200,24.4800,1.799945
FILLER_4_85,VPWR,li1,47.3800,24.4800,1.799948
FILLER_4_72,VPWR,li1,41.4000,24.4800,1.799952
FILLER_4_62,VPWR,li1,34.2700,24.4800,1.799959
FILLER_4_58,VPWR,li1,33.1200,24.4800,1.799959
FILLER_4_41,VPWR,li1,26.2200,24.4800,1.799967
FILLER_4_29,VPWR,li1,21.6200,24.4800,1.799974
FILLER_4_27,VPWR,li1,18.1700,24.4800,1.799971
FILLER_4_15,VPWR,li1,15.1800,24.4800,1.799971
FILLER_4_3,VPWR,li1,9.6600,24.4800,1.799971
FILLER_3_249,VPWR,li1,121.9000,19.0400,1.799357
FILLER_3_237,VPWR,li1,117.3000,19.0400,1.799357
FILLER_3_225,VPWR,li1,111.7800,19.0400,1.799357
FILLER_3_222,VPWR,li1,108.1000,19.0400,1.799357
FILLER_3_214,VPWR,li1,105.8000,19.0400,1.799357
FILLER_3_202,VPWR,li1,101.2000,19.0400,1.799357
FILLER_3_190,VPWR,li1,95.6800,19.0400,1.799357
FILLER_3_156,VPWR,li1,77.9700,19.0400,1.799379
FILLER_3_148,VPWR,li1,75.4400,19.0400,1.799389
FILLER_3_117,VPWR,li1,59.5700,19.0400,1.799462
FILLER_3_113,VPWR,li1,58.4200,19.0400,1.799476
FILLER_3_78,VPWR,li1,42.3200,19.0400,1.799602
FILLER_3_39,VPWR,li1,25.3000,19.0400,1.799795
FILLER_3_27,VPWR,li1,20.7000,19.0400,1.799864
FILLER_3_15,VPWR,li1,15.1800,19.0400,1.799864
FILLER_3_3,VPWR,li1,9.6600,19.0400,1.799864
FILLER_2_253,VPWR,li1,122.8200,19.0400,1.799357
FILLER_2_251,VPWR,li1,121.2100,19.0400,1.799357
FILLER_2_245,VPWR,li1,119.6000,19.0400,1.799357
FILLER_2_233,VPWR,li1,115.4600,19.0400,1.799357
FILLER_2_221,VPWR,li1,109.9400,19.0400,1.799357
FILLER_2_209,VPWR,li1,104.4200,19.0400,1.799357
FILLER_2_197,VPWR,li1,98.9000,19.0400,1.799357
FILLER_2_193,VPWR,li1,94.9900,19.0400,1.799357
FILLER_2_150,VPWR,li1,74.9800,19.0400,1.799389
FILLER_2_91,VPWR,li1,47.6100,19.0400,1.799553
FILLER_2_85,VPWR,li1,46.0000,19.0400,1.799582
FILLER_2_35,VPWR,li1,21.8500,19.0400,1.799864
FILLER_2_29,VPWR,li1,20.2400,19.0400,1.799864
FILLER_2_27,VPWR,li1,18.1700,19.0400,1.799864
FILLER_2_15,VPWR,li1,15.1800,19.0400,1.799864
FILLER_2_3,VPWR,li1,9.6600,19.0400,1.799864
FILLER_1_249,VPWR,li1,121.9000,13.6000,1.799623
FILLER_1_237,VPWR,li1,117.3000,13.6000,1.799623
FILLER_1_225,VPWR,li1,111.7800,13.6000,1.799623
FILLER_1_221,VPWR,li1,107.8700,13.6000,1.799623
FILLER_1_209,VPWR,li1,104.4200,13.6000,1.799623
FILLER_1_197,VPWR,li1,98.9000,13.6000,1.799623
FILLER_1_185,VPWR,li1,93.3800,13.6000,1.799623
FILLER_1_166,VPWR,li1,82.3400,13.6000,1.799628
FILLER_1_156,VPWR,li1,77.5100,13.6000,1.799634
FILLER_1_148,VPWR,li1,75.4400,13.6000,1.799636
FILLER_1_129,VPWR,li1,65.5500,13.6000,1.799657
FILLER_1_108,VPWR,li1,56.1200,13.6000,1.799688
FILLER_1_57,VPWR,li1,32.4300,13.6000,1.799826
FILLER_1_39,VPWR,li1,23.6900,13.6000,1.799897
FILLER_1_27,VPWR,li1,20.7000,13.6000,1.799914
FILLER_1_15,VPWR,li1,15.1800,13.6000,1.799914
FILLER_1_3,VPWR,li1,9.6600,13.6000,1.799914
FILLER_0_253,VPWR,li1,122.8200,13.6000,1.799623
FILLER_0_249,VPWR,li1,120.7500,13.6000,1.799623
FILLER_0_237,VPWR,li1,117.3000,13.6000,1.799623
FILLER_0_225,VPWR,li1,111.7800,13.6000,1.799623
FILLER_0_221,VPWR,li1,107.8700,13.6000,1.799623
FILLER_0_209,VPWR,li1,104.4200,13.6000,1.799623
FILLER_0_197,VPWR,li1,98.9000,13.6000,1.799623
FILLER_0_193,VPWR,li1,94.9900,13.6000,1.799623
FILLER_0_185,VPWR,li1,92.4600,13.6000,1.799623
FILLER_0_162,VPWR,li1,81.4200,13.6000,1.799631
FILLER_0_150,VPWR,li1,77.2800,13.6000,1.799634
FILLER_0_139,VPWR,li1,69.6900,13.6000,1.799648
FILLER_0_133,VPWR,li1,68.0800,13.6000,1.799648
FILLER_0_121,VPWR,li1,61.8700,13.6000,1.799667
FILLER_0_113,VPWR,li1,59.3400,13.6000,1.799674
FILLER_0_111,VPWR,li1,56.8100,13.6000,1.799688
FILLER_0_107,VPWR,li1,55.6600,13.6000,1.799688
FILLER_0_94,VPWR,li1,49.6800,13.6000,1.799712
FILLER_0_76,VPWR,li1,40.9400,13.6000,1.799760
FILLER_0_57,VPWR,li1,32.6600,13.6000,1.799826
FILLER_0_44,VPWR,li1,28.5200,13.6000,1.799855
FILLER_0_37,VPWR,li1,22.7700,13.6000,1.799897
FILLER_0_29,VPWR,li1,19.3200,13.6000,1.799914
FILLER_0_27,VPWR,li1,18.1700,13.6000,1.799914
FILLER_0_15,VPWR,li1,15.1800,13.6000,1.799914
FILLER_0_3,VPWR,li1,9.6600,13.6000,1.799914
clkload15,VPWR,li1,81.6500,111.5200,1.798841
clkbuf_1_1__f_rclk,VPWR,li1,103.9600,100.6400,1.798661
clkbuf_1_0__f_rclk,VPWR,li1,88.7800,111.5200,1.798800
clkbuf_0_rclk,VPWR,li1,95.6800,106.0800,1.798786
clkload14,VPWR,li1,80.7300,106.0800,1.798889
clkload13,VPWR,li1,65.3200,100.6400,1.799042
clkload12,VPWR,li1,94.3000,84.3200,1.798832
clkload11,VPWR,li1,79.3500,84.3200,1.798926
clkload10,VPWR,li1,35.4200,106.0800,1.799452
clkload9,VPWR,li1,23.6900,106.0800,1.799695
clkload8,VPWR,li1,46.0000,84.3200,1.799335
clkload7,VPWR,li1,97.0600,51.6800,1.798101
clkload6,VPWR,li1,81.1900,51.6800,1.798292
clkload5,VPWR,li1,89.9300,35.3600,1.798895
clkload4,VPWR,li1,75.4400,35.3600,1.798948
clkload3,VPWR,li1,50.1400,51.6800,1.798836
clkload2,VPWR,li1,28.7500,51.6800,1.799404
clkload1,VPWR,li1,43.2400,29.9200,1.799566
clkload0,VPWR,li1,34.2700,24.4800,1.799959
clkbuf_4_15_0_wclk,VPWR,li1,78.8900,111.5200,1.798861
clkbuf_4_14_0_wclk,VPWR,li1,66.4700,100.6400,1.799042
clkbuf_4_13_0_wclk,VPWR,li1,91.3100,89.7600,1.799061
clkbuf_4_12_0_wclk,VPWR,li1,77.5100,84.3200,1.798941
clkbuf_4_11_0_wclk,VPWR,li1,45.3100,106.0800,1.799294
clkbuf_4_10_0_wclk,VPWR,li1,21.3900,106.0800,1.799731
clkbuf_4_9_0_wclk,VPWR,li1,39.3300,84.3200,1.799432
clkbuf_4_8_0_wclk,VPWR,li1,25.9900,78.8800,1.799697
clkbuf_4_7_0_wclk,VPWR,li1,95.4500,51.6800,1.798117
clkbuf_4_6_0_wclk,VPWR,li1,85.7900,51.6800,1.798222
clkbuf_4_5_0_wclk,VPWR,li1,85.7900,35.3600,1.798899
clkbuf_4_4_0_wclk,VPWR,li1,72.9100,35.3600,1.798970
clkbuf_4_3_0_wclk,VPWR,li1,43.0100,51.6800,1.799007
clkbuf_4_2_0_wclk,VPWR,li1,25.5300,51.6800,1.799502
clkbuf_4_1_0_wclk,VPWR,li1,48.0700,29.9200,1.799507
clkbuf_4_0_0_wclk,VPWR,li1,34.7300,29.9200,1.799638
clkbuf_0_wclk,VPWR,li1,65.3200,73.4400,1.798805
max_cap23,VPWR,li1,95.6800,62.5600,1.798780
output22,VPWR,li1,78.4300,127.8400,1.799698
output21,VPWR,li1,84.8700,127.8400,1.799692
output20,VPWR,li1,123.0500,73.4400,1.798541
output19,VPWR,li1,81.6500,127.8400,1.799694
output18,VPWR,li1,75.2100,127.8400,1.799705
output17,VPWR,li1,71.9900,127.8400,1.799713
output16,VPWR,li1,88.0900,127.8400,1.799689
output15,VPWR,li1,123.0500,78.8800,1.798972
output14,VPWR,li1,123.0500,51.6800,1.798012
output13,VPWR,li1,123.0500,95.2000,1.799320
input12,VPWR,li1,121.2100,40.8000,1.799687
input11,VPWR,li1,123.0500,51.6800,1.798012
input10,VPWR,li1,8.2800,106.0800,1.799730
input9,VPWR,li1,8.2800,122.4000,1.799883
input8,VPWR,li1,21.1600,13.6000,1.799914
input7,VPWR,li1,34.9600,13.6000,1.799800
input6,VPWR,li1,59.8000,127.8400,1.799749
input5,VPWR,li1,24.3800,13.6000,1.799897
input4,VPWR,li1,92.0000,127.8400,1.799689
input3,VPWR,li1,42.7800,13.6000,1.799748
input2,VPWR,li1,121.2100,95.2000,1.799320
input1,VPWR,li1,123.0500,100.6400,1.798640
TAP_TAPCELL_ROW_43_294,VPWR,li1,121.6700,128.1460,1.799689
TAP_TAPCELL_ROW_43_293,VPWR,li1,108.7900,128.1460,1.799689
TAP_TAPCELL_ROW_43_292,VPWR,li1,95.9100,128.1460,1.799689
TAP_TAPCELL_ROW_43_291,VPWR,li1,83.0300,128.1460,1.799694
TAP_TAPCELL_ROW_43_290,VPWR,li1,70.1500,128.1460,1.799719
TAP_TAPCELL_ROW_43_289,VPWR,li1,57.2700,128.1460,1.799762
TAP_TAPCELL_ROW_43_288,VPWR,li1,44.3900,128.1460,1.799819
TAP_TAPCELL_ROW_43_287,VPWR,li1,31.5100,128.1460,1.799884
TAP_TAPCELL_ROW_43_286,VPWR,li1,18.6300,128.1460,1.799939
TAP_TAPCELL_ROW_42_285,VPWR,li1,121.6700,127.5330,1.799689
TAP_TAPCELL_ROW_42_284,VPWR,li1,95.9100,127.5330,1.799689
TAP_TAPCELL_ROW_42_283,VPWR,li1,70.1500,127.5330,1.799719
TAP_TAPCELL_ROW_42_282,VPWR,li1,44.3900,127.5330,1.799819
TAP_TAPCELL_ROW_42_281,VPWR,li1,18.6300,127.5330,1.799939
TAP_TAPCELL_ROW_41_280,VPWR,li1,108.7900,122.7060,1.799336
TAP_TAPCELL_ROW_41_279,VPWR,li1,83.0300,122.7060,1.799413
TAP_TAPCELL_ROW_41_278,VPWR,li1,57.2700,122.7060,1.799545
TAP_TAPCELL_ROW_41_277,VPWR,li1,31.5100,122.7060,1.799763
TAP_TAPCELL_ROW_40_276,VPWR,li1,121.6700,122.0930,1.799326
TAP_TAPCELL_ROW_40_275,VPWR,li1,95.9100,122.0930,1.799368
TAP_TAPCELL_ROW_40_274,VPWR,li1,70.1500,122.0930,1.799471
TAP_TAPCELL_ROW_40_273,VPWR,li1,44.3900,122.0930,1.799637
TAP_TAPCELL_ROW_40_272,VPWR,li1,18.6300,122.0930,1.799883
TAP_TAPCELL_ROW_39_271,VPWR,li1,108.7900,117.2660,1.798935
TAP_TAPCELL_ROW_39_270,VPWR,li1,83.0300,117.2660,1.799017
TAP_TAPCELL_ROW_39_269,VPWR,li1,57.2700,117.2660,1.799282
TAP_TAPCELL_ROW_39_268,VPWR,li1,31.5100,117.2660,1.799648
TAP_TAPCELL_ROW_38_267,VPWR,li1,121.6700,116.6530,1.798935
TAP_TAPCELL_ROW_38_266,VPWR,li1,95.9100,116.6530,1.798942
TAP_TAPCELL_ROW_38_265,VPWR,li1,70.1500,116.6530,1.799134
TAP_TAPCELL_ROW_38_264,VPWR,li1,44.3900,116.6530,1.799474
TAP_TAPCELL_ROW_38_263,VPWR,li1,18.6300,116.6530,1.799816
TAP_TAPCELL_ROW_37_262,VPWR,li1,108.7900,111.8260,1.798762
TAP_TAPCELL_ROW_37_261,VPWR,li1,83.0300,111.8260,1.798841
TAP_TAPCELL_ROW_37_260,VPWR,li1,57.2700,111.8260,1.799135
TAP_TAPCELL_ROW_37_259,VPWR,li1,31.5100,111.8260,1.799573
TAP_TAPCELL_ROW_36_258,VPWR,li1,121.6700,111.2130,1.798758
TAP_TAPCELL_ROW_36_257,VPWR,li1,95.9100,111.2130,1.798780
TAP_TAPCELL_ROW_36_256,VPWR,li1,70.1500,111.2130,1.798964
TAP_TAPCELL_ROW_36_255,VPWR,li1,44.3900,111.2130,1.799316
TAP_TAPCELL_ROW_36_254,VPWR,li1,18.6300,111.2130,1.799752
TAP_TAPCELL_ROW_35_253,VPWR,li1,108.7900,106.3860,1.798755
TAP_TAPCELL_ROW_35_252,VPWR,li1,83.0300,106.3860,1.798865
TAP_TAPCELL_ROW_35_251,VPWR,li1,57.2700,106.3860,1.799129
TAP_TAPCELL_ROW_35_250,VPWR,li1,31.5100,106.3860,1.799562
TAP_TAPCELL_ROW_34_249,VPWR,li1,121.6700,105.7730,1.798737
TAP_TAPCELL_ROW_34_248,VPWR,li1,95.9100,105.7730,1.798786
TAP_TAPCELL_ROW_34_247,VPWR,li1,70.1500,105.7730,1.798981
TAP_TAPCELL_ROW_34_246,VPWR,li1,44.3900,105.7730,1.799294
TAP_TAPCELL_ROW_34_245,VPWR,li1,18.6300,105.7730,1.799731
TAP_TAPCELL_ROW_33_244,VPWR,li1,108.7900,100.9460,1.798653
TAP_TAPCELL_ROW_33_243,VPWR,li1,83.0300,100.9460,1.798837
TAP_TAPCELL_ROW_33_242,VPWR,li1,57.2700,100.9460,1.799168
TAP_TAPCELL_ROW_33_241,VPWR,li1,31.5100,100.9460,1.799611
TAP_TAPCELL_ROW_32_240,VPWR,li1,121.6700,100.3330,1.798640
TAP_TAPCELL_ROW_32_239,VPWR,li1,95.9100,100.3330,1.798716
TAP_TAPCELL_ROW_32_238,VPWR,li1,70.1500,100.3330,1.798981
TAP_TAPCELL_ROW_32_237,VPWR,li1,44.3900,100.3330,1.799396
TAP_TAPCELL_ROW_32_236,VPWR,li1,18.6300,100.3330,1.799788
TAP_TAPCELL_ROW_31_235,VPWR,li1,108.7900,95.5060,1.799329
TAP_TAPCELL_ROW_31_234,VPWR,li1,83.0300,95.5060,1.799391
TAP_TAPCELL_ROW_31_233,VPWR,li1,57.2700,95.5060,1.799526
TAP_TAPCELL_ROW_31_232,VPWR,li1,31.5100,95.5060,1.799752
TAP_TAPCELL_ROW_30_231,VPWR,li1,121.6700,94.8930,1.799320
TAP_TAPCELL_ROW_30_230,VPWR,li1,95.9100,94.8930,1.799353
TAP_TAPCELL_ROW_30_229,VPWR,li1,70.1500,94.8930,1.799448
TAP_TAPCELL_ROW_30_228,VPWR,li1,44.3900,94.8930,1.799614
TAP_TAPCELL_ROW_30_227,VPWR,li1,18.6300,94.8930,1.799852
TAP_TAPCELL_ROW_29_226,VPWR,li1,108.7900,90.0660,1.799025
TAP_TAPCELL_ROW_29_225,VPWR,li1,83.0300,90.0660,1.799111
TAP_TAPCELL_ROW_29_224,VPWR,li1,57.2700,90.0660,1.799344
TAP_TAPCELL_ROW_29_223,VPWR,li1,31.5100,90.0660,1.799690
TAP_TAPCELL_ROW_28_222,VPWR,li1,121.6700,89.4530,1.799015
TAP_TAPCELL_ROW_28_221,VPWR,li1,95.9100,89.4530,1.799050
TAP_TAPCELL_ROW_28_220,VPWR,li1,70.1500,89.4530,1.799213
TAP_TAPCELL_ROW_28_219,VPWR,li1,44.3900,89.4530,1.799510
TAP_TAPCELL_ROW_28_218,VPWR,li1,18.6300,89.4530,1.799832
TAP_TAPCELL_ROW_27_217,VPWR,li1,108.7900,84.6260,1.798794
TAP_TAPCELL_ROW_27_216,VPWR,li1,83.0300,84.6260,1.798897
TAP_TAPCELL_ROW_27_215,VPWR,li1,57.2700,84.6260,1.799196
TAP_TAPCELL_ROW_27_214,VPWR,li1,31.5100,84.6260,1.799579
TAP_TAPCELL_ROW_26_213,VPWR,li1,121.6700,84.0130,1.798780
TAP_TAPCELL_ROW_26_212,VPWR,li1,95.9100,84.0130,1.798824
TAP_TAPCELL_ROW_26_211,VPWR,li1,70.1500,84.0130,1.799045
TAP_TAPCELL_ROW_26_210,VPWR,li1,44.3900,84.0130,1.799380
TAP_TAPCELL_ROW_26_209,VPWR,li1,18.6300,84.0130,1.799757
TAP_TAPCELL_ROW_25_208,VPWR,li1,108.7900,79.1860,1.798988
TAP_TAPCELL_ROW_25_207,VPWR,li1,83.0300,79.1860,1.799082
TAP_TAPCELL_ROW_25_206,VPWR,li1,57.2700,79.1860,1.799275
TAP_TAPCELL_ROW_25_205,VPWR,li1,31.5100,79.1860,1.799613
TAP_TAPCELL_ROW_24_204,VPWR,li1,121.6700,78.5730,1.798972
TAP_TAPCELL_ROW_24_203,VPWR,li1,95.9100,78.5730,1.799017
TAP_TAPCELL_ROW_24_202,VPWR,li1,70.1500,78.5730,1.799171
TAP_TAPCELL_ROW_24_201,VPWR,li1,44.3900,78.5730,1.799431
TAP_TAPCELL_ROW_24_200,VPWR,li1,18.6300,78.5730,1.799801
TAP_TAPCELL_ROW_23_199,VPWR,li1,108.7900,73.7460,1.798556
TAP_TAPCELL_ROW_23_198,VPWR,li1,83.0300,73.7460,1.798662
TAP_TAPCELL_ROW_23_197,VPWR,li1,57.2700,73.7460,1.798952
TAP_TAPCELL_ROW_23_196,VPWR,li1,31.5100,73.7460,1.799487
TAP_TAPCELL_ROW_22_195,VPWR,li1,121.6700,73.1330,1.798541
TAP_TAPCELL_ROW_22_194,VPWR,li1,95.9100,73.1330,1.798590
TAP_TAPCELL_ROW_22_193,VPWR,li1,70.1500,73.1330,1.798767
TAP_TAPCELL_ROW_22_192,VPWR,li1,44.3900,73.1330,1.799202
TAP_TAPCELL_ROW_22_191,VPWR,li1,18.6300,73.1330,1.799712
TAP_TAPCELL_ROW_21_190,VPWR,li1,108.7900,68.3060,1.799045
TAP_TAPCELL_ROW_21_189,VPWR,li1,83.0300,68.3060,1.799157
TAP_TAPCELL_ROW_21_188,VPWR,li1,57.2700,68.3060,1.799432
TAP_TAPCELL_ROW_21_187,VPWR,li1,31.5100,68.3060,1.799722
TAP_TAPCELL_ROW_20_186,VPWR,li1,121.6700,67.6930,1.799018
TAP_TAPCELL_ROW_20_185,VPWR,li1,95.9100,67.6930,1.799084
TAP_TAPCELL_ROW_20_184,VPWR,li1,70.1500,67.6930,1.799292
TAP_TAPCELL_ROW_20_183,VPWR,li1,44.3900,67.6930,1.799583
TAP_TAPCELL_ROW_20_182,VPWR,li1,18.6300,67.6930,1.799855
TAP_TAPCELL_ROW_19_181,VPWR,li1,108.7900,62.8660,1.798720
TAP_TAPCELL_ROW_19_180,VPWR,li1,83.0300,62.8660,1.798900
TAP_TAPCELL_ROW_19_179,VPWR,li1,57.2700,62.8660,1.799203
TAP_TAPCELL_ROW_19_178,VPWR,li1,31.5100,62.8660,1.799629
TAP_TAPCELL_ROW_18_177,VPWR,li1,121.6700,62.2530,1.798691
TAP_TAPCELL_ROW_18_176,VPWR,li1,95.9100,62.2530,1.798780
TAP_TAPCELL_ROW_18_175,VPWR,li1,70.1500,62.2530,1.799033
TAP_TAPCELL_ROW_18_174,VPWR,li1,44.3900,62.2530,1.799383
TAP_TAPCELL_ROW_18_173,VPWR,li1,18.6300,62.2530,1.799793
TAP_TAPCELL_ROW_17_172,VPWR,li1,108.7900,57.4260,1.799026
TAP_TAPCELL_ROW_17_171,VPWR,li1,83.0300,57.4260,1.799136
TAP_TAPCELL_ROW_17_170,VPWR,li1,57.2700,57.4260,1.799376
TAP_TAPCELL_ROW_17_169,VPWR,li1,31.5100,57.4260,1.799698
TAP_TAPCELL_ROW_16_168,VPWR,li1,121.6700,56.8130,1.799011
TAP_TAPCELL_ROW_16_167,VPWR,li1,95.9100,56.8130,1.799059
TAP_TAPCELL_ROW_16_166,VPWR,li1,70.1500,56.8130,1.799245
TAP_TAPCELL_ROW_16_165,VPWR,li1,44.3900,56.8130,1.799515
TAP_TAPCELL_ROW_16_164,VPWR,li1,18.6300,56.8130,1.799806
TAP_TAPCELL_ROW_15_163,VPWR,li1,108.7900,51.9860,1.798032
TAP_TAPCELL_ROW_15_162,VPWR,li1,83.0300,51.9860,1.798264
TAP_TAPCELL_ROW_15_161,VPWR,li1,57.2700,51.9860,1.798730
TAP_TAPCELL_ROW_15_160,VPWR,li1,31.5100,51.9860,1.799324
TAP_TAPCELL_ROW_14_159,VPWR,li1,121.6700,51.3730,1.798012
TAP_TAPCELL_ROW_14_158,VPWR,li1,95.9100,51.3730,1.798117
TAP_TAPCELL_ROW_14_157,VPWR,li1,70.1500,51.3730,1.798468
TAP_TAPCELL_ROW_14_156,VPWR,li1,44.3900,51.3730,1.799007
TAP_TAPCELL_ROW_14_155,VPWR,li1,18.6300,51.3730,1.799664
TAP_TAPCELL_ROW_13_154,VPWR,li1,108.7900,46.5460,1.799191
TAP_TAPCELL_ROW_13_153,VPWR,li1,83.0300,46.5460,1.799220
TAP_TAPCELL_ROW_13_152,VPWR,li1,57.2700,46.5460,1.799367
TAP_TAPCELL_ROW_13_151,VPWR,li1,31.5100,46.5460,1.799670
TAP_TAPCELL_ROW_12_150,VPWR,li1,121.6700,45.9330,1.799191
TAP_TAPCELL_ROW_12_149,VPWR,li1,95.9100,45.9330,1.799194
TAP_TAPCELL_ROW_12_148,VPWR,li1,70.1500,45.9330,1.799277
TAP_TAPCELL_ROW_12_147,VPWR,li1,44.3900,45.9330,1.799495
TAP_TAPCELL_ROW_12_146,VPWR,li1,18.6300,45.9330,1.799823
TAP_TAPCELL_ROW_11_145,VPWR,li1,108.7900,41.1060,1.799687
TAP_TAPCELL_ROW_11_144,VPWR,li1,83.0300,41.1060,1.799689
TAP_TAPCELL_ROW_11_143,VPWR,li1,57.2700,41.1060,1.799747
TAP_TAPCELL_ROW_11_142,VPWR,li1,31.5100,41.1060,1.799867
TAP_TAPCELL_ROW_10_141,VPWR,li1,121.6700,40.4930,1.799687
TAP_TAPCELL_ROW_10_140,VPWR,li1,95.9100,40.4930,1.799687
TAP_TAPCELL_ROW_10_139,VPWR,li1,70.1500,40.4930,1.799709
TAP_TAPCELL_ROW_10_138,VPWR,li1,44.3900,40.4930,1.799804
TAP_TAPCELL_ROW_10_137,VPWR,li1,18.6300,40.4930,1.799920
TAP_TAPCELL_ROW_9_136,VPWR,li1,108.7900,35.6660,1.798895
TAP_TAPCELL_ROW_9_135,VPWR,li1,83.0300,35.6660,1.798916
TAP_TAPCELL_ROW_9_134,VPWR,li1,57.2700,35.6660,1.799166
TAP_TAPCELL_ROW_9_133,VPWR,li1,31.5100,35.6660,1.799585
TAP_TAPCELL_ROW_8_132,VPWR,li1,121.6700,35.0530,1.798895
TAP_TAPCELL_ROW_8_131,VPWR,li1,95.9100,35.0530,1.798895
TAP_TAPCELL_ROW_8_130,VPWR,li1,70.1500,35.0530,1.799003
TAP_TAPCELL_ROW_8_129,VPWR,li1,44.3900,35.0530,1.799364
TAP_TAPCELL_ROW_8_128,VPWR,li1,18.6300,35.0530,1.799796
TAP_TAPCELL_ROW_7_127,VPWR,li1,108.7900,30.2260,1.799403
TAP_TAPCELL_ROW_7_126,VPWR,li1,83.0300,30.2260,1.799403
TAP_TAPCELL_ROW_7_125,VPWR,li1,57.2700,30.2260,1.799459
TAP_TAPCELL_ROW_7_124,VPWR,li1,31.5100,30.2260,1.799683
TAP_TAPCELL_ROW_6_123,VPWR,li1,121.6700,29.6130,1.799403
TAP_TAPCELL_ROW_6_122,VPWR,li1,95.9100,29.6130,1.799403
TAP_TAPCELL_ROW_6_121,VPWR,li1,70.1500,29.6130,1.799421
TAP_TAPCELL_ROW_6_120,VPWR,li1,44.3900,29.6130,1.799539
TAP_TAPCELL_ROW_6_119,VPWR,li1,18.6300,29.6130,1.799825
TAP_TAPCELL_ROW_5_118,VPWR,li1,108.7900,24.7860,1.799936
TAP_TAPCELL_ROW_5_117,VPWR,li1,83.0300,24.7860,1.799936
TAP_TAPCELL_ROW_5_116,VPWR,li1,57.2700,24.7860,1.799943
TAP_TAPCELL_ROW_5_115,VPWR,li1,31.5100,24.7860,1.799962
TAP_TAPCELL_ROW_4_114,VPWR,li1,121.6700,24.1730,1.799936
TAP_TAPCELL_ROW_4_113,VPWR,li1,95.9100,24.1730,1.799936
TAP_TAPCELL_ROW_4_112,VPWR,li1,70.1500,24.1730,1.799940
TAP_TAPCELL_ROW_4_111,VPWR,li1,44.3900,24.1730,1.799950
TAP_TAPCELL_ROW_4_110,VPWR,li1,18.6300,24.1730,1.799971
TAP_TAPCELL_ROW_3_109,VPWR,li1,108.7900,19.3460,1.799357
TAP_TAPCELL_ROW_3_108,VPWR,li1,83.0300,19.3460,1.799366
TAP_TAPCELL_ROW_3_107,VPWR,li1,57.2700,19.3460,1.799476
TAP_TAPCELL_ROW_3_106,VPWR,li1,31.5100,19.3460,1.799717
TAP_TAPCELL_ROW_2_105,VPWR,li1,121.6700,18.7330,1.799357
TAP_TAPCELL_ROW_2_104,VPWR,li1,95.9100,18.7330,1.799357
TAP_TAPCELL_ROW_2_103,VPWR,li1,70.1500,18.7330,1.799412
TAP_TAPCELL_ROW_2_102,VPWR,li1,44.3900,18.7330,1.799582
TAP_TAPCELL_ROW_2_101,VPWR,li1,18.6300,18.7330,1.799864
TAP_TAPCELL_ROW_1_100,VPWR,li1,108.7900,13.9060,1.799623
TAP_TAPCELL_ROW_1_99,VPWR,li1,83.0300,13.9060,1.799628
TAP_TAPCELL_ROW_1_98,VPWR,li1,57.2700,13.9060,1.799688
TAP_TAPCELL_ROW_1_97,VPWR,li1,31.5100,13.9060,1.799826
TAP_TAPCELL_ROW_0_96,VPWR,li1,121.6700,13.2930,1.799623
TAP_TAPCELL_ROW_0_95,VPWR,li1,108.7900,13.2930,1.799623
TAP_TAPCELL_ROW_0_94,VPWR,li1,95.9100,13.2930,1.799623
TAP_TAPCELL_ROW_0_93,VPWR,li1,83.0300,13.2930,1.799628
TAP_TAPCELL_ROW_0_92,VPWR,li1,70.1500,13.2930,1.799644
TAP_TAPCELL_ROW_0_91,VPWR,li1,57.2700,13.2930,1.799688
TAP_TAPCELL_ROW_0_90,VPWR,li1,44.3900,13.2930,1.799748
TAP_TAPCELL_ROW_0_89,VPWR,li1,31.5100,13.2930,1.799826
TAP_TAPCELL_ROW_0_88,VPWR,li1,18.6300,13.2930,1.799914
PHY_EDGE_ROW_43_Left_87,VPWR,li1,6.2100,127.8400,1.799939
PHY_EDGE_ROW_42_Left_86,VPWR,li1,6.2100,127.8400,1.799939
PHY_EDGE_ROW_41_Left_85,VPWR,li1,6.2100,122.4000,1.799883
PHY_EDGE_ROW_40_Left_84,VPWR,li1,6.2100,122.4000,1.799883
PHY_EDGE_ROW_39_Left_83,VPWR,li1,6.2100,116.9600,1.799809
PHY_EDGE_ROW_38_Left_82,VPWR,li1,6.2100,116.9600,1.799809
PHY_EDGE_ROW_37_Left_81,VPWR,li1,6.2100,111.5200,1.799743
PHY_EDGE_ROW_36_Left_80,VPWR,li1,6.2100,111.5200,1.799743
PHY_EDGE_ROW_35_Left_79,VPWR,li1,6.2100,106.0800,1.799730
PHY_EDGE_ROW_34_Left_78,VPWR,li1,6.2100,106.0800,1.799730
PHY_EDGE_ROW_33_Left_77,VPWR,li1,6.2100,100.6400,1.799775
PHY_EDGE_ROW_32_Left_76,VPWR,li1,6.2100,100.6400,1.799775
PHY_EDGE_ROW_31_Left_75,VPWR,li1,6.2100,95.2000,1.799846
PHY_EDGE_ROW_30_Left_74,VPWR,li1,6.2100,95.2000,1.799846
PHY_EDGE_ROW_29_Left_73,VPWR,li1,6.2100,89.7600,1.799832
PHY_EDGE_ROW_28_Left_72,VPWR,li1,6.2100,89.7600,1.799832
PHY_EDGE_ROW_27_Left_71,VPWR,li1,6.2100,84.3200,1.799748
PHY_EDGE_ROW_26_Left_70,VPWR,li1,6.2100,84.3200,1.799748
PHY_EDGE_ROW_25_Left_69,VPWR,li1,6.2100,78.8800,1.799798
PHY_EDGE_ROW_24_Left_68,VPWR,li1,6.2100,78.8800,1.799798
PHY_EDGE_ROW_23_Left_67,VPWR,li1,6.2100,73.4400,1.799699
PHY_EDGE_ROW_22_Left_66,VPWR,li1,6.2100,73.4400,1.799699
PHY_EDGE_ROW_21_Left_65,VPWR,li1,6.2100,68.0000,1.799855
PHY_EDGE_ROW_20_Left_64,VPWR,li1,6.2100,68.0000,1.799855
PHY_EDGE_ROW_19_Left_63,VPWR,li1,6.2100,62.5600,1.799791
PHY_EDGE_ROW_18_Left_62,VPWR,li1,6.2100,62.5600,1.799791
PHY_EDGE_ROW_17_Left_61,VPWR,li1,6.2100,57.1200,1.799797
PHY_EDGE_ROW_16_Left_60,VPWR,li1,6.2100,57.1200,1.799797
PHY_EDGE_ROW_15_Left_59,VPWR,li1,6.2100,51.6800,1.799664
PHY_EDGE_ROW_14_Left_58,VPWR,li1,6.2100,51.6800,1.799664
PHY_EDGE_ROW_13_Left_57,VPWR,li1,6.2100,46.2400,1.799817
PHY_EDGE_ROW_12_Left_56,VPWR,li1,6.2100,46.2400,1.799817
PHY_EDGE_ROW_11_Left_55,VPWR,li1,6.2100,40.8000,1.799915
PHY_EDGE_ROW_10_Left_54,VPWR,li1,6.2100,40.8000,1.799915
PHY_EDGE_ROW_9_Left_53,VPWR,li1,6.2100,35.3600,1.799796
PHY_EDGE_ROW_8_Left_52,VPWR,li1,6.2100,35.3600,1.799796
PHY_EDGE_ROW_7_Left_51,VPWR,li1,6.2100,29.9200,1.799825
PHY_EDGE_ROW_6_Left_50,VPWR,li1,6.2100,29.9200,1.799825
PHY_EDGE_ROW_5_Left_49,VPWR,li1,6.2100,24.4800,1.799971
PHY_EDGE_ROW_4_Left_48,VPWR,li1,6.2100,24.4800,1.799971
PHY_EDGE_ROW_3_Left_47,VPWR,li1,6.2100,19.0400,1.799864
PHY_EDGE_ROW_2_Left_46,VPWR,li1,6.2100,19.0400,1.799864
PHY_EDGE_ROW_1_Left_45,VPWR,li1,6.2100,13.6000,1.799914
PHY_EDGE_ROW_0_Left_44,VPWR,li1,6.2100,13.6000,1.799914
PHY_EDGE_ROW_43_Right_43,VPWR,li1,124.4300,127.8400,1.799689
PHY_EDGE_ROW_42_Right_42,VPWR,li1,124.4300,127.8400,1.799689
PHY_EDGE_ROW_41_Right_41,VPWR,li1,124.4300,122.4000,1.799326
PHY_EDGE_ROW_40_Right_40,VPWR,li1,124.4300,122.4000,1.799326
PHY_EDGE_ROW_39_Right_39,VPWR,li1,124.4300,116.9600,1.798935
PHY_EDGE_ROW_38_Right_38,VPWR,li1,124.4300,116.9600,1.798935
PHY_EDGE_ROW_37_Right_37,VPWR,li1,124.4300,111.5200,1.798758
PHY_EDGE_ROW_36_Right_36,VPWR,li1,124.4300,111.5200,1.798758
PHY_EDGE_ROW_35_Right_35,VPWR,li1,124.4300,106.0800,1.798737
PHY_EDGE_ROW_34_Right_34,VPWR,li1,124.4300,106.0800,1.798737
PHY_EDGE_ROW_33_Right_33,VPWR,li1,124.4300,100.6400,1.798640
PHY_EDGE_ROW_32_Right_32,VPWR,li1,124.4300,100.6400,1.798640
PHY_EDGE_ROW_31_Right_31,VPWR,li1,124.4300,95.2000,1.799320
PHY_EDGE_ROW_30_Right_30,VPWR,li1,124.4300,95.2000,1.799320
PHY_EDGE_ROW_29_Right_29,VPWR,li1,124.4300,89.7600,1.799015
PHY_EDGE_ROW_28_Right_28,VPWR,li1,124.4300,89.7600,1.799015
PHY_EDGE_ROW_27_Right_27,VPWR,li1,124.4300,84.3200,1.798780
PHY_EDGE_ROW_26_Right_26,VPWR,li1,124.4300,84.3200,1.798780
PHY_EDGE_ROW_25_Right_25,VPWR,li1,124.4300,78.8800,1.798972
PHY_EDGE_ROW_24_Right_24,VPWR,li1,124.4300,78.8800,1.798972
PHY_EDGE_ROW_23_Right_23,VPWR,li1,124.4300,73.4400,1.798541
PHY_EDGE_ROW_22_Right_22,VPWR,li1,124.4300,73.4400,1.798541
PHY_EDGE_ROW_21_Right_21,VPWR,li1,124.4300,68.0000,1.799018
PHY_EDGE_ROW_20_Right_20,VPWR,li1,124.4300,68.0000,1.799018
PHY_EDGE_ROW_19_Right_19,VPWR,li1,124.4300,62.5600,1.798691
PHY_EDGE_ROW_18_Right_18,VPWR,li1,124.4300,62.5600,1.798691
PHY_EDGE_ROW_17_Right_17,VPWR,li1,124.4300,57.1200,1.799011
PHY_EDGE_ROW_16_Right_16,VPWR,li1,124.4300,57.1200,1.799011
PHY_EDGE_ROW_15_Right_15,VPWR,li1,124.4300,51.6800,1.798012
PHY_EDGE_ROW_14_Right_14,VPWR,li1,124.4300,51.6800,1.798012
PHY_EDGE_ROW_13_Right_13,VPWR,li1,124.4300,46.2400,1.799191
PHY_EDGE_ROW_12_Right_12,VPWR,li1,124.4300,46.2400,1.799191
PHY_EDGE_ROW_11_Right_11,VPWR,li1,124.4300,40.8000,1.799687
PHY_EDGE_ROW_10_Right_10,VPWR,li1,124.4300,40.8000,1.799687
PHY_EDGE_ROW_9_Right_9,VPWR,li1,124.4300,35.3600,1.798895
PHY_EDGE_ROW_8_Right_8,VPWR,li1,124.4300,35.3600,1.798895
PHY_EDGE_ROW_7_Right_7,VPWR,li1,124.4300,29.9200,1.799403
PHY_EDGE_ROW_6_Right_6,VPWR,li1,124.4300,29.9200,1.799403
PHY_EDGE_ROW_5_Right_5,VPWR,li1,124.4300,24.4800,1.799936
PHY_EDGE_ROW_4_Right_4,VPWR,li1,124.4300,24.4800,1.799936
PHY_EDGE_ROW_3_Right_3,VPWR,li1,124.4300,19.0400,1.799357
PHY_EDGE_ROW_2_Right_2,VPWR,li1,124.4300,19.0400,1.799357
PHY_EDGE_ROW_1_Right_1,VPWR,li1,124.4300,13.6000,1.799623
PHY_EDGE_ROW_0_Right_0,VPWR,li1,124.4300,13.6000,1.799623
_697_,VPWR,li1,31.7400,51.6800,1.799324
_696_,VPWR,li1,31.7400,68.0000,1.799722
_695_,VPWR,li1,61.1800,13.6000,1.799667
_694_,VPWR,li1,40.4800,19.0400,1.799619
_693_,VPWR,li1,51.9800,57.1200,1.799437
_692_,VPWR,li1,27.6000,13.6000,1.799855
_691_,VPWR,li1,82.8000,46.2400,1.799220
_690_,VPWR,li1,79.1200,19.0400,1.799379
_689_,VPWR,li1,31.7400,89.7600,1.799661
_688_,VPWR,li1,27.6000,106.0800,1.799609
_687_,VPWR,li1,48.7600,73.4400,1.799113
_686_,VPWR,li1,49.2200,95.2000,1.799581
_685_,VPWR,li1,51.9800,106.0800,1.799185
_684_,VPWR,li1,32.2000,73.4400,1.799487
_683_,VPWR,li1,75.4400,106.0800,1.798922
_682_,VPWR,li1,69.4600,89.7600,1.799213
_681_,VPWR,li1,39.5600,51.6800,1.799130
_680_,VPWR,li1,39.5600,62.5600,1.799467
_679_,VPWR,li1,66.2400,19.0400,1.799428
_678_,VPWR,li1,51.5200,13.6000,1.799703
_677_,VPWR,li1,61.6400,62.5600,1.799144
_676_,VPWR,li1,33.1200,19.0400,1.799717
_675_,VPWR,li1,90.1600,46.2400,1.799199
_674_,VPWR,li1,86.9400,13.6000,1.799623
_673_,VPWR,li1,25.3000,46.2400,1.799765
_672_,VPWR,li1,24.8400,57.1200,1.799770
_671_,VPWR,li1,64.8600,29.9200,1.799431
_670_,VPWR,li1,47.8400,35.3600,1.799300
_669_,VPWR,li1,58.4200,46.2400,1.799367
_668_,VPWR,li1,28.5200,29.9200,1.799725
_667_,VPWR,li1,75.4400,46.2400,1.799249
_666_,VPWR,li1,86.9400,29.9200,1.799403
_665_,VPWR,li1,111.7800,116.9600,1.798935
_664_,VPWR,li1,104.8800,111.5200,1.798764
_663_,VPWR,li1,101.6600,106.0800,1.798767
_662_,VPWR,li1,100.7400,100.6400,1.798677
_661_,VPWR,li1,114.3100,122.4000,1.799326
_660_,VPWR,li1,103.7300,122.4000,1.799342
_659_,VPWR,li1,94.9900,116.9600,1.798942
_658_,VPWR,li1,90.3900,116.9600,1.798958
_657_,VPWR,li1,92.2300,100.6400,1.798728
_656_,VPWR,li1,33.1200,46.2400,1.799642
_655_,VPWR,li1,33.1200,57.1200,1.799652
_654_,VPWR,li1,58.8800,19.0400,1.799476
_653_,VPWR,li1,44.1600,13.6000,1.799748
_652_,VPWR,li1,51.9800,62.5600,1.799276
_651_,VPWR,li1,25.7600,19.0400,1.799795
_650_,VPWR,li1,86.9400,51.6800,1.798222
_649_,VPWR,li1,86.4800,19.0400,1.799359
_648_,VPWR,li1,13.3400,40.8000,1.799915
_647_,VPWR,li1,12.4200,57.1200,1.799797
_646_,VPWR,li1,53.3600,29.9200,1.799482
_645_,VPWR,li1,38.1800,29.9200,1.799601
_644_,VPWR,li1,51.0600,51.6800,1.798836
_643_,VPWR,li1,19.3200,24.4800,1.799971
_642_,VPWR,li1,66.2400,46.2400,1.799306
_641_,VPWR,li1,74.9800,29.9200,1.799406
_640_,VPWR,li1,22.5400,40.8000,1.799911
_639_,VPWR,li1,22.5400,57.1200,1.799816
_638_,VPWR,li1,63.0200,35.3600,1.799087
_637_,VPWR,li1,45.5400,29.9200,1.799539
_636_,VPWR,li1,53.3600,46.2400,1.799401
_635_,VPWR,li1,26.2200,35.3600,1.799681
_634_,VPWR,li1,68.0800,46.2400,1.799288
_633_,VPWR,li1,79.1200,40.8000,1.799691
_632_,VPWR,li1,93.8400,73.4400,1.798598
_631_,VPWR,li1,103.9600,73.4400,1.798568
_630_,VPWR,li1,97.5200,68.0000,1.799084
_629_,VPWR,li1,103.9600,89.7600,1.799030
_628_,VPWR,li1,94.5300,78.8800,1.799017
_627_,VPWR,li1,91.0800,73.4400,1.798611
_626_,VPWR,li1,101.4300,62.5600,1.798746
_625_,VPWR,li1,98.2100,57.1200,1.799047
_624_,VPWR,li1,103.2700,51.6800,1.798051
_623_,VPWR,li1,40.4800,46.2400,1.799550
_622_,VPWR,li1,40.9400,57.1200,1.799550
_621_,VPWR,li1,69.9200,13.6000,1.799644
_620_,VPWR,li1,51.5200,19.0400,1.799517
_619_,VPWR,li1,62.1000,57.1200,1.799317
_618_,VPWR,li1,36.8000,13.6000,1.799786
_617_,VPWR,li1,98.4400,46.2400,1.799191
_616_,VPWR,li1,86.9400,13.6000,1.799623
_615_,VPWR,li1,23.9200,111.5200,1.799706
_614_,VPWR,li1,38.1800,116.9600,1.799556
_613_,VPWR,li1,23.4600,73.4400,1.799719
_612_,VPWR,li1,22.5400,95.2000,1.799858
_611_,VPWR,li1,53.3600,116.9600,1.799330
_610_,VPWR,li1,23.9200,84.3200,1.799722
_609_,VPWR,li1,78.6600,116.9600,1.799049
_608_,VPWR,li1,74.0600,84.3200,1.798997
_607_,VPWR,li1,14.7200,46.2400,1.799817
_606_,VPWR,li1,14.7200,57.1200,1.799801
_605_,VPWR,li1,57.9600,29.9200,1.799459
_604_,VPWR,li1,40.4800,35.3600,1.799420
_603_,VPWR,li1,50.1400,46.2400,1.799441
_602_,VPWR,li1,17.9400,29.9200,1.799825
_601_,VPWR,li1,68.5400,51.6800,1.798506
_600_,VPWR,li1,76.3600,29.9200,1.799406
_599_,VPWR,li1,11.9600,116.9600,1.799809
_598_,VPWR,li1,28.9800,122.4000,1.799785
_597_,VPWR,li1,12.4200,73.4400,1.799699
_596_,VPWR,li1,11.9600,95.2000,1.799846
_595_,VPWR,li1,46.0000,116.9600,1.799434
_594_,VPWR,li1,13.8000,84.3200,1.799748
_593_,VPWR,li1,67.1600,116.9600,1.799165
_592_,VPWR,li1,63.9400,78.8800,1.799221
_591_,VPWR,li1,13.3400,111.5200,1.799743
_590_,VPWR,li1,30.8200,127.8400,1.799884
_589_,VPWR,li1,12.8800,73.4400,1.799699
_588_,VPWR,li1,11.9600,100.6400,1.799776
_587_,VPWR,li1,48.7600,122.4000,1.799606
_586_,VPWR,li1,13.3400,84.3200,1.799748
_585_,VPWR,li1,74.5200,116.9600,1.799088
_584_,VPWR,li1,65.7800,73.4400,1.798806
_583_,VPWR,li1,40.4800,89.7600,1.799548
_582_,VPWR,li1,40.0200,106.0800,1.799363
_581_,VPWR,li1,53.3600,73.4400,1.799024
_580_,VPWR,li1,61.1800,89.7600,1.799296
_579_,VPWR,li1,61.6400,111.5200,1.799060
_578_,VPWR,li1,38.6400,73.4400,1.799330
_577_,VPWR,li1,87.8600,106.0800,1.798827
_576_,VPWR,li1,82.3400,89.7600,1.799111
_575_,VPWR,li1,38.6400,95.2000,1.799665
_574_,VPWR,li1,36.3400,111.5200,1.799461
_573_,VPWR,li1,51.9800,78.8800,1.799334
_572_,VPWR,li1,61.1800,95.2000,1.799489
_571_,VPWR,li1,61.1800,111.5200,1.799060
_570_,VPWR,li1,36.8000,78.8800,1.799533
_569_,VPWR,li1,74.0600,100.6400,1.798931
_568_,VPWR,li1,79.1200,95.2000,1.799404
_567_,VPWR,li1,30.8200,95.2000,1.799752
_566_,VPWR,li1,29.9000,106.0800,1.799562
_565_,VPWR,li1,46.0000,73.4400,1.799202
_564_,VPWR,li1,50.1400,89.7600,1.799435
_563_,VPWR,li1,51.5200,106.0800,1.799185
_562_,VPWR,li1,31.2800,84.3200,1.799579
_561_,VPWR,li1,66.2400,106.0800,1.799020
_560_,VPWR,li1,74.0600,89.7600,1.799172
_559_,VPWR,li1,106.7200,78.8800,1.798992
_558_,VPWR,li1,115.0000,84.3200,1.798782
_557_,VPWR,li1,113.6200,68.0000,1.799027
_556_,VPWR,li1,111.3200,62.5600,1.798710
_555_,VPWR,li1,105.8000,51.6800,1.798041
_554_,VPWR,li1,115.9200,78.8800,1.798975
_553_,VPWR,li1,116.8400,84.3200,1.798780
_552_,VPWR,li1,115.0000,68.0000,1.799027
_551_,VPWR,li1,114.5400,57.1200,1.799013
_550_,VPWR,li1,115.0000,51.6800,1.798014
_549_,VPWR,li1,67.6200,122.4000,1.799483
_548_,VPWR,li1,79.5800,127.8400,1.799698
_547_,VPWR,li1,66.7000,78.8800,1.799197
_546_,VPWR,li1,64.8600,122.4000,1.799505
_545_,VPWR,li1,66.2400,127.8400,1.799729
_544_,VPWR,li1,64.8600,127.8400,1.799729
_543_,VPWR,li1,86.9400,122.4000,1.799396
_542_,VPWR,li1,119.6000,78.8800,1.798972
_541_,VPWR,li1,114.0800,111.5200,1.798758
_540_,VPWR,li1,99.8200,95.2000,1.799342
_539_,VPWR,li1,115.9200,89.7600,1.799015
_538_,VPWR,li1,101.6600,84.3200,1.798808
_537_,VPWR,li1,100.7400,95.2000,1.799342
_536_,VPWR,li1,119.1400,106.0800,1.798737
_535_,VPWR,li1,109.9400,100.6400,1.798653
_534_,VPWR,li1,116.8400,95.2000,1.799321
_533_,VPWR,li1,113.1600,89.7600,1.799017
_532_,VPWR,li1,110.8600,106.0800,1.798748
_531_,VPWR,li1,12.8800,111.5200,1.799743
_530_,VPWR,li1,36.3400,122.4000,1.799706
_529_,VPWR,li1,18.8600,68.0000,1.799855
_528_,VPWR,li1,14.7200,100.6400,1.799780
_527_,VPWR,li1,51.0600,127.8400,1.799782
_526_,VPWR,li1,22.5400,89.7600,1.799803
_525_,VPWR,li1,86.9400,127.8400,1.799689
_524_,VPWR,li1,69.0000,62.5600,1.799059
_523_,VPWR,li1,33.8100,51.6800,1.799259
_522_,VPWR,li1,33.8100,57.1200,1.799652
_521_,VPWR,li1,61.8700,19.0400,1.799448
_520_,VPWR,li1,46.6900,13.6000,1.799728
_519_,VPWR,li1,53.1300,57.1200,1.799410
_518_,VPWR,li1,30.1300,24.4800,1.799962
_517_,VPWR,li1,85.3300,40.8000,1.799688
_516_,VPWR,li1,79.8100,13.6000,1.799631
_515_,VPWR,li1,80.7300,68.0000,1.799178
_514_,VPWR,li1,33.8100,89.7600,1.799631
_513_,VPWR,li1,30.5900,111.5200,1.799573
_512_,VPWR,li1,49.9100,68.0000,1.799505
_511_,VPWR,li1,52.6700,95.2000,1.799548
_510_,VPWR,li1,53.1300,100.6400,1.799238
_509_,VPWR,li1,29.2100,73.4400,1.799542
_508_,VPWR,li1,76.5900,100.6400,1.798902
_507_,VPWR,li1,73.3700,95.2000,1.799428
_506_,VPWR,li1,38.4100,51.6800,1.799130
_505_,VPWR,li1,40.2500,68.0000,1.799621
_504_,VPWR,li1,72.4500,13.6000,1.799640
_503_,VPWR,li1,52.6700,13.6000,1.799703
_502_,VPWR,li1,62.3300,57.1200,1.799317
_501_,VPWR,li1,36.5700,24.4800,1.799956
_500_,VPWR,li1,92.6900,51.6800,1.798145
_499_,VPWR,li1,85.3300,24.4800,1.799936
_498_,VPWR,li1,87.6300,62.5600,1.798858
_497_,VPWR,li1,28.2900,40.8000,1.799880
_496_,VPWR,li1,24.1500,51.6800,1.799594
_495_,VPWR,li1,66.0100,29.9200,1.799431
_494_,VPWR,li1,48.9900,24.4800,1.799946
_493_,VPWR,li1,59.5700,46.2400,1.799349
_492_,VPWR,li1,29.2100,35.3600,1.799624
_491_,VPWR,li1,76.5900,46.2400,1.799249
_490_,VPWR,li1,85.3300,40.8000,1.799688
_489_,VPWR,li1,78.4300,62.5600,1.798936
_488_,VPWR,li1,35.6500,40.8000,1.799846
_487_,VPWR,li1,32.4300,62.5600,1.799594
_486_,VPWR,li1,64.6300,13.6000,1.799657
_485_,VPWR,li1,45.3100,19.0400,1.799582
_484_,VPWR,li1,53.5900,62.5600,1.799242
_483_,VPWR,li1,29.2100,19.0400,1.799745
_482_,VPWR,li1,89.4700,40.8000,1.799687
_481_,VPWR,li1,80.7300,19.0400,1.799372
_480_,VPWR,li1,87.1700,57.1200,1.799105
_479_,VPWR,li1,13.1100,46.2400,1.799817
_478_,VPWR,li1,12.1900,62.5600,1.799791
_477_,VPWR,li1,54.9700,35.3600,1.799202
_476_,VPWR,li1,37.4900,35.3600,1.799472
_475_,VPWR,li1,52.2100,40.8000,1.799766
_474_,VPWR,li1,20.4700,35.3600,1.799796
_473_,VPWR,li1,72.4500,46.2400,1.799265
_472_,VPWR,li1,80.7300,29.9200,1.799403
_471_,VPWR,li1,76.5900,57.1200,1.799188
_470_,VPWR,li1,24.6100,40.8000,1.799899
_469_,VPWR,li1,24.1500,62.5600,1.799758
_468_,VPWR,li1,64.1700,40.8000,1.799726
_467_,VPWR,li1,46.6900,40.8000,1.799791
_466_,VPWR,li1,59.5700,51.6800,1.798655
_465_,VPWR,li1,27.3700,24.4800,1.799967
_464_,VPWR,li1,74.2900,51.6800,1.798399
_463_,VPWR,li1,79.8100,40.8000,1.799691
_462_,VPWR,li1,78.8900,62.5600,1.798936
_461_,VPWR,li1,41.6300,40.8000,1.799819
_460_,VPWR,li1,41.6300,57.1200,1.799550
_459_,VPWR,li1,72.4500,19.0400,1.799398
_458_,VPWR,li1,55.4300,24.4800,1.799944
_457_,VPWR,li1,67.3900,62.5600,1.799059
_456_,VPWR,li1,38.4100,13.6000,1.799786
_455_,VPWR,li1,90.3900,51.6800,1.798170
_454_,VPWR,li1,92.2300,19.0400,1.799357
_453_,VPWR,li1,86.2500,62.5600,1.798858
_452_,VPWR,li1,87.1700,68.0000,1.799126
_451_,VPWR,li1,28.2900,111.5200,1.799623
_450_,VPWR,li1,42.0900,122.4000,1.799656
_449_,VPWR,li1,24.1500,78.8800,1.799731
_448_,VPWR,li1,23.6900,100.6400,1.799749
_447_,VPWR,li1,59.5700,116.9600,1.799254
_446_,VPWR,li1,33.8100,84.3200,1.799532
_445_,VPWR,li1,85.3300,116.9600,1.798996
_444_,VPWR,li1,72.4500,84.3200,1.798997
_443_,VPWR,li1,78.4300,78.8800,1.799099
_442_,VPWR,li1,17.2500,46.2400,1.799823
_441_,VPWR,li1,16.3300,62.5600,1.799792
_440_,VPWR,li1,57.2700,35.3600,1.799166
_439_,VPWR,li1,41.6300,35.3600,1.799420
_438_,VPWR,li1,57.2700,57.1200,1.799376
_437_,VPWR,li1,22.7700,29.9200,1.799829
_436_,VPWR,li1,67.8500,51.6800,1.798506
_435_,VPWR,li1,82.1100,29.9200,1.799403
_434_,VPWR,li1,78.8900,57.1200,1.799169
_433_,VPWR,li1,84.6400,68.0000,1.799157
_432_,VPWR,li1,13.5700,116.9600,1.799811
_431_,VPWR,li1,29.2100,116.9600,1.799685
_430_,VPWR,li1,14.4900,78.8800,1.799798
_429_,VPWR,li1,8.9700,100.6400,1.799775
_428_,VPWR,li1,48.9900,116.9600,1.799388
_427_,VPWR,li1,15.4100,78.8800,1.799800
_426_,VPWR,li1,72.4500,116.9600,1.799109
_425_,VPWR,li1,65.0900,84.3200,1.799087
_424_,VPWR,li1,72.4500,73.4400,1.798743
_423_,VPWR,li1,14.9500,106.0800,1.799730
_422_,VPWR,li1,32.4300,116.9600,1.799648
_421_,VPWR,li1,10.3500,78.8800,1.799798
_420_,VPWR,li1,14.4900,95.2000,1.799849
_419_,VPWR,li1,48.0700,122.4000,1.799606
_418_,VPWR,li1,15.8700,89.7600,1.799832
_417_,VPWR,li1,80.2700,116.9600,1.799049
_416_,VPWR,li1,72.4500,73.4400,1.798743
_415_,VPWR,li1,78.8900,73.4400,1.798691
_414_,VPWR,li1,44.3900,95.2000,1.799614
_413_,VPWR,li1,46.6900,111.5200,1.799286
_412_,VPWR,li1,59.5700,73.4400,1.798914
_411_,VPWR,li1,64.6300,95.2000,1.799470
_410_,VPWR,li1,69.2300,106.0800,1.798981
_409_,VPWR,li1,39.7900,84.3200,1.799432
_408_,VPWR,li1,85.3300,106.0800,1.798845
_407_,VPWR,li1,84.8700,95.2000,1.799386
_406_,VPWR,li1,86.2500,73.4400,1.798642
_405_,VPWR,li1,39.7900,89.7600,1.799548
_404_,VPWR,li1,42.0900,111.5200,1.799355
_403_,VPWR,li1,53.5900,84.3200,1.799235
_402_,VPWR,li1,58.1900,89.7600,1.799344
_401_,VPWR,li1,60.4900,106.0800,1.799075
_400_,VPWR,li1,38.4100,73.4400,1.799330
_399_,VPWR,li1,79.8100,100.6400,1.798865
_398_,VPWR,li1,85.3300,89.7600,1.799093
_397_,VPWR,li1,81.1900,73.4400,1.798674
_396_,VPWR,li1,32.4300,100.6400,1.799611
_395_,VPWR,li1,33.8100,100.6400,1.799570
_394_,VPWR,li1,48.0700,78.8800,1.799395
_393_,VPWR,li1,51.2900,89.7600,1.799406
_392_,VPWR,li1,52.6700,111.5200,1.799187
_391_,VPWR,li1,29.2100,78.8800,1.799647
_390_,VPWR,li1,72.4500,106.0800,1.798959
_389_,VPWR,li1,71.5300,95.2000,1.799440
_388_,VPWR,li1,72.9100,78.8800,1.799136
_387_,VPWR,li1,20.9300,116.9600,1.799821
_386_,VPWR,li1,37.4900,127.8400,1.799848
_385_,VPWR,li1,20.9300,68.0000,1.799858
_384_,VPWR,li1,18.6300,100.6400,1.799788
_383_,VPWR,li1,54.5100,122.4000,1.799559
_382_,VPWR,li1,21.3900,78.8800,1.799803
_381_,VPWR,li1,80.7300,122.4000,1.799423
_380_,VPWR,li1,70.1500,68.0000,1.799292
_379_,VPWR,li1,78.4300,68.0000,1.799214
_378_,VPWR,li1,87.6300,68.0000,1.799126
_377_,VPWR,li1,66.4700,111.5200,1.799007
_376_,VPWR,li1,62.7900,68.0000,1.799359
_375_,VPWR,li1,60.4900,51.6800,1.798655
_374_,VPWR,li1,60.4900,62.5600,1.799144
_373_,VPWR,li1,66.7000,111.5200,1.799007
_372_,VPWR,li1,62.3300,106.0800,1.799053
_371_,VPWR,li1,60.4900,116.9600,1.799254
_370_,VPWR,li1,54.9700,122.4000,1.799559
_369_,VPWR,li1,43.4700,84.3200,1.799380
_368_,VPWR,li1,34.7300,35.3600,1.799541
_367_,VPWR,li1,26.4500,29.9200,1.799756
_366_,VPWR,li1,36.5700,19.0400,1.799659
_365_,VPWR,li1,46.4600,84.3200,1.799335
_364_,VPWR,li1,38.8700,78.8800,1.799503
_363_,VPWR,li1,36.5700,89.7600,1.799596
_362_,VPWR,li1,22.7700,84.3200,1.799765
_361_,VPWR,li1,84.8700,111.5200,1.798826
_360_,VPWR,li1,85.3300,57.1200,1.799118
_359_,VPWR,li1,75.6700,51.6800,1.798399
_358_,VPWR,li1,89.9300,46.2400,1.799199
_357_,VPWR,li1,83.7200,116.9600,1.799017
_356_,VPWR,li1,80.7300,122.4000,1.799423
_355_,VPWR,li1,88.5500,106.0800,1.798827
_354_,VPWR,li1,79.3500,106.0800,1.798889
_353_,VPWR,li1,83.0300,84.3200,1.798897
_352_,VPWR,li1,89.4700,35.3600,1.798895
_351_,VPWR,li1,82.5700,35.3600,1.798916
_350_,VPWR,li1,88.0900,19.0400,1.799359
_349_,VPWR,li1,84.6400,84.3200,1.798897
_348_,VPWR,li1,77.9700,89.7600,1.799141
_347_,VPWR,li1,81.1900,84.3200,1.798911
_346_,VPWR,li1,75.2100,78.8800,1.799119
_345_,VPWR,li1,87.6300,78.8800,1.799049
_344_,VPWR,li1,89.0100,89.7600,1.799081
_343_,VPWR,li1,99.1300,73.4400,1.798579
_342_,VPWR,li1,97.2900,78.8800,1.799010
_341_,VPWR,li1,91.0800,68.0000,1.799106
_340_,VPWR,li1,87.1700,78.8800,1.799049
_339_,VPWR,li1,85.1000,68.0000,1.799141
_338_,VPWR,li1,91.3100,62.5600,1.798813
_337_,VPWR,li1,93.6100,62.5600,1.798794
_336_,VPWR,li1,102.3500,73.4400,1.798568
_335_,VPWR,li1,92.6900,78.8800,1.799024
_334_,VPWR,li1,93.6100,68.0000,1.799094
_333_,VPWR,li1,92.0000,57.1200,1.799079
_332_,VPWR,li1,92.6900,57.1200,1.799079
_331_,VPWR,li1,99.1300,57.1200,1.799042
_330_,VPWR,li1,94.9900,78.8800,1.799017
_329_,VPWR,li1,115.2300,57.1200,1.799013
_328_,VPWR,li1,104.6500,116.9600,1.798935
_327_,VPWR,li1,104.1900,122.4000,1.799340
_326_,VPWR,li1,97.2900,111.5200,1.798776
_325_,VPWR,li1,101.6600,116.9600,1.798936
_324_,VPWR,li1,101.4300,122.4000,1.799349
_323_,VPWR,li1,100.5100,116.9600,1.798938
_322_,VPWR,li1,93.6100,111.5200,1.798784
_321_,VPWR,li1,94.9900,122.4000,1.799368
_320_,VPWR,li1,96.8300,111.5200,1.798780
_319_,VPWR,li1,97.2900,116.9600,1.798939
_318_,VPWR,li1,90.3900,100.6400,1.798748
_317_,VPWR,li1,94.0700,111.5200,1.798784
_316_,VPWR,li1,92.4600,106.0800,1.798801
_315_,VPWR,li1,90.8500,111.5200,1.798791
_314_,VPWR,li1,94.0700,106.0800,1.798801
_313_,VPWR,li1,92.6900,100.6400,1.798728
_312_,VPWR,li1,85.7900,100.6400,1.798798
_311_,VPWR,li1,119.8300,100.6400,1.798641
_310_,VPWR,li1,122.8200,100.6400,1.798640
_309_,VPWR,li1,118.2200,106.0800,1.798737
_308_,VPWR,li1,118.2200,100.6400,1.798641
_307_,VPWR,li1,116.3800,100.6400,1.798642
_306_,VPWR,li1,108.7900,95.2000,1.799329
_305_,VPWR,li1,113.3900,95.2000,1.799322
_304_,VPWR,li1,114.0800,100.6400,1.798645
_303_,VPWR,li1,119.3700,51.6800,1.798012
_302_,VPWR,li1,118.9100,62.5600,1.798691
_301_,VPWR,li1,115.6900,62.5600,1.798697
_300_,VPWR,li1,115.9200,73.4400,1.798544
_299_,VPWR,li1,116.1500,73.4400,1.798544
_298_,VPWR,li1,113.8500,62.5600,1.798704
_297_,VPWR,li1,116.1500,51.6800,1.798014
_296_,VPWR,li1,118.4500,57.1200,1.799011
_295_,VPWR,li1,120.2900,57.1200,1.799011
_294_,VPWR,li1,112.4700,51.6800,1.798020
_293_,VPWR,li1,118.4500,62.5600,1.798691
_292_,VPWR,li1,119.8300,68.0000,1.799018
_291_,VPWR,li1,119.3700,73.4400,1.798541
_290_,VPWR,li1,46.2300,111.5200,1.799286
_289_,VPWR,li1,46.6900,46.2400,1.799468
_288_,VPWR,li1,24.1500,46.2400,1.799765
_287_,VPWR,li1,39.7900,46.2400,1.799550
_286_,VPWR,li1,46.0000,106.0800,1.799264
_285_,VPWR,li1,39.3300,95.2000,1.799665
_284_,VPWR,li1,39.7900,111.5200,1.799397
_283_,VPWR,li1,21.3900,111.5200,1.799760
_282_,VPWR,li1,43.0100,111.5200,1.799355
_281_,VPWR,li1,45.3100,62.5600,1.799383
_280_,VPWR,li1,23.6900,62.5600,1.799758
_279_,VPWR,li1,39.3300,62.5600,1.799467
_278_,VPWR,li1,42.7800,116.9600,1.799474
_277_,VPWR,li1,37.9500,122.4000,1.799706
_276_,VPWR,li1,48.9900,111.5200,1.799243
_275_,VPWR,li1,37.9500,106.0800,1.799402
_274_,VPWR,li1,60.4900,78.8800,1.799246
_273_,VPWR,li1,72.4500,40.8000,1.799703
_272_,VPWR,li1,64.1700,35.3600,1.799087
_271_,VPWR,li1,68.7700,19.0400,1.799412
_270_,VPWR,li1,59.3400,84.3200,1.799160
_269_,VPWR,li1,54.9700,78.8800,1.799300
_268_,VPWR,li1,47.1500,78.8800,1.799395
_267_,VPWR,li1,21.8500,73.4400,1.799719
_266_,VPWR,li1,58.1900,100.6400,1.799168
_265_,VPWR,li1,54.9700,40.8000,1.799754
_264_,VPWR,li1,49.4500,35.3600,1.799300
_263_,VPWR,li1,52.2100,19.0400,1.799517
_262_,VPWR,li1,55.2000,100.6400,1.799203
_261_,VPWR,li1,23.6900,100.6400,1.799749
_260_,VPWR,li1,67.8500,95.2000,1.799459
_259_,VPWR,li1,57.7300,95.2000,1.799511
_258_,VPWR,li1,120.7500,106.0800,1.798737
_257_,VPWR,li1,116.6100,95.2000,1.799321
_256_,VPWR,li1,112.0100,100.6400,1.798649
_255_,VPWR,li1,115.2300,95.2000,1.799321
_254_,VPWR,li1,89.4700,68.0000,1.799116
_253_,VPWR,li1,72.4500,111.5200,1.798943
_252_,VPWR,li1,71.0700,111.5200,1.798943
