net,length_um
bram.raddr\[0\],590.7µm
bram.raddr\[1\],575.05µm
bram.raddr\[2\],335.48µm
clknet_0_wclk,328.28µm
net8,229.48µm
_235_,224.4µm
net7,214.53µm
_245_,203.1µm
_248_,198.48µm
_250_,194.115µm
_251_,191.64µm
_242_,189.24µm
net3,188.09µm
_240_,187.28µm
_243_,186.66µm
net4,186.54µm
net9,180.68µm
net10,175.8µm
_239_,173.45µm
_204_,168.22µm
bram.waddr\[1\],164.9µm
net6,160.69µm
net5,159.52µm
bram.raddr\[3\],155.78µm
_249_,152.16µm
bram.waddr\[0\],151.415µm
_238_,151.31µm
net12,147.44µm
_237_,142.86µm
_247_,139.99µm
_246_,135.56µm
_137_,135.47µm
_236_,134.44µm
clknet_1_0__leaf_rclk,132.44µm
net2,132.28µm
_136_,130.84µm
wclk,118.51µm
net23,116.37µm
clknet_1_1__leaf_rclk,108.5µm
r_ptr_bin\[4\],87.135µm
clknet_4_1_0_wclk,83.44µm
clknet_4_8_0_wclk,78.94µm
clknet_4_11_0_wclk,78.48µm
clknet_4_10_0_wclk,76.3µm
sync_gwptr_to_rd.d1\[4\],75.8µm
clknet_4_4_0_wclk,75.235µm
clknet_4_0_0_wclk,75.16µm
bram.waddr\[2\],75.1µm
clknet_4_2_0_wclk,74.22µm
clknet_4_7_0_wclk,72.08µm
clknet_4_13_0_wclk,71.76µm
_170_,67.8µm
_002_,65.425µm
clknet_4_15_0_wclk,64.1µm
r_ptr_gray\[0\],61.835µm
_149_,61.24µm
clknet_4_5_0_wclk,60.54µm
_226_,59.14µm
net20,58.9µm
clknet_4_6_0_wclk,57.9µm
clknet_4_12_0_wclk,56.67µm
clknet_4_14_0_wclk,56.62µm
_219_,53.96µm
rclk,52.89µm
_212_,52.66µm
_163_,51.82µm
_156_,50.7µm
_233_,48.78µm
_189_,47.75µm
_006_,46.765µm
r_ptr_gray\[1\],46.4µm
_138_,46.21µm
r_ptr_gray\[2\],44.5µm
clknet_4_3_0_wclk,42.38µm
clknet_4_9_0_wclk,40.7µm
r_ptr_gray\[3\],37.3µm
_000_,34.325µm
_198_,31.78µm
_007_,29.74µm
_234_,27.42µm
_154_,27.32µm
_147_,26.74µm
_150_,26.58µm
_145_,26.22µm
_203_,24.46µm
bram.mem\[6\]\[6\],24.39µm
_241_,23.54µm
_004_,23.465µm
u_wrptr_handler.g_wptr_next\[0\],22.86µm
_205_,22.38µm
bram.mem\[6\]\[2\],22.265µm
sync_gwptr_to_rd.d1\[3\],22.12µm
bram.mem\[6\]\[4\],21.725µm
_157_,21.52µm
net19,21.28µm
bram.mem\[6\]\[7\],21.145µm
bram.mem\[12\]\[1\],21.08µm
_162_,20.2µm
sync_gwptr_to_rd.d1\[2\],19.9µm
_210_,19.58µm
bram.mem\[8\]\[2\],19.5µm
bram.mem\[7\]\[3\],19.18µm
_155_,19.12µm
_169_,19.08µm
bram.mem\[10\]\[4\],19.045µm
bram.mem\[5\]\[7\],18.74µm
bram.mem\[4\]\[6\],18.64µm
bram.mem\[6\]\[3\],18.385µm
_194_,18.38µm
bram.mem\[11\]\[6\],18.24µm
_208_,18.08µm
bram.mem\[11\]\[5\],18.08µm
bram.mem\[14\]\[2\],18.065µm
bram.mem\[4\]\[2\],17.82µm
bram.mem\[15\]\[2\],17.72µm
_059_,17.605µm
_182_,17.44µm
_232_,17.38µm
bram.mem\[1\]\[3\],17.26µm
bram.mem\[13\]\[3\],17.12µm
bram.mem\[10\]\[1\],17.05µm
bram.mem\[11\]\[4\],17.02µm
clknet_0_rclk,16.98µm
bram.mem\[9\]\[5\],16.9µm
_001_,16.045µm
_224_,16.02µm
bram.mem\[8\]\[3\],15.92µm
sync_gwptr_to_rd.q1\[1\],15.9µm
bram.mem\[2\]\[4\],15.75µm
bram.mem\[9\]\[1\],15.68µm
bram.mem\[1\]\[0\],15.66µm
bram.mem\[4\]\[0\],15.66µm
bram.mem\[12\]\[7\],15.54µm
bram.mem\[3\]\[5\],15.52µm
_003_,15.485µm
sync_gwptr_to_rd.d1\[1\],15.46µm
bram.mem\[4\]\[4\],15.38µm
rrst_n,15.15µm
bram.mem\[10\]\[0\],15.125µm
_215_,15.1µm
bram.mem\[6\]\[5\],14.97µm
_244_,14.94µm
bram.mem\[12\]\[2\],14.8µm
bram.mem\[13\]\[2\],14.72µm
_144_,14.66µm
bram.mem\[1\]\[1\],14.64µm
bram.mem\[12\]\[6\],14.54µm
_171_,14.46µm
bram.mem\[9\]\[0\],14.42µm
bram.mem\[5\]\[2\],14.38µm
bram.mem\[8\]\[7\],14.32µm
bram.mem\[10\]\[7\],14.185µm
bram.mem\[8\]\[0\],14.14µm
bram.mem\[12\]\[5\],14.08µm
net22,13.94µm
bram.mem\[13\]\[4\],13.92µm
_192_,13.72µm
bram.mem\[14\]\[0\],13.585µm
bram.mem\[5\]\[6\],13.58µm
bram.mem\[15\]\[3\],13.5µm
bram.mem\[7\]\[1\],13.42µm
bram.mem\[6\]\[1\],13.365µm
_172_,13.34µm
bram.mem\[12\]\[4\],13.3µm
bram.mem\[0\]\[6\],13.26µm
bram.mem\[2\]\[6\],13.245µm
bram.mem\[11\]\[0\],13.14µm
bram.mem\[10\]\[2\],12.93µm
_073_,12.915µm
_164_,12.88µm
bram.mem\[13\]\[1\],12.84µm
bram.mem\[14\]\[4\],12.805µm
bram.mem\[5\]\[4\],12.78µm
_151_,12.76µm
bram.mem\[12\]\[3\],12.74µm
sync_gwptr_to_rd.q2\[2\],12.74µm
bram.mem\[3\]\[0\],12.72µm
_104_,12.705µm
bram.mem\[2\]\[5\],12.685µm
bram.mem\[2\]\[2\],12.655µm
bram.mem\[1\]\[5\],12.64µm
bram.mem\[3\]\[4\],12.56µm
bram.mem\[13\]\[7\],12.54µm
bram.mem\[1\]\[4\],12.52µm
_159_,12.48µm
bram.mem\[2\]\[0\],12.47µm
bram.mem\[2\]\[3\],12.45µm
bram.mem\[5\]\[0\],12.42µm
bram.mem\[2\]\[7\],12.345µm
_034_,12.325µm
bram.mem\[14\]\[3\],12.285µm
sync_gwptr_to_rd.q1\[0\],12.28µm
bram.mem\[4\]\[7\],12.24µm
bram.mem\[3\]\[6\],12.22µm
bram.mem\[13\]\[0\],12.16µm
bram.mem\[15\]\[6\],12.14µm
bram.mem\[10\]\[3\],12.005µm
bram.mem\[7\]\[5\],12µm
bram.mem\[14\]\[7\],11.905µm
bram.mem\[9\]\[3\],11.78µm
bram.mem\[15\]\[5\],11.74µm
_195_,11.7µm
_091_,11.625µm
_108_,11.625µm
sync_gwptr_to_rd.q2\[0\],11.55µm
_180_,11.5µm
_046_,11.405µm
_090_,11.285µm
_166_,11.24µm
wdata[4],11.14µm
bram.mem\[2\]\[1\],11.09µm
bram.mem\[8\]\[5\],10.98µm
_097_,10.965µm
_048_,10.925µm
bram.mem\[14\]\[1\],10.925µm
bram.mem\[11\]\[2\],10.86µm
bram.mem\[0\]\[3\],10.78µm
u_wrptr_handler.b_wptr_next\[4\],10.78µm
bram.mem\[3\]\[2\],10.76µm
_028_,10.745µm
bram.mem\[11\]\[7\],10.74µm
bram.mem\[1\]\[6\],10.74µm
_231_,10.64µm
_081_,10.565µm
_083_,10.565µm
_117_,10.565µm
_132_,10.565µm
bram.waddr\[3\],10.45µm
_101_,10.445µm
_140_,10.415µm
_201_,10.34µm
_072_,10.325µm
_200_,10.32µm
_044_,10.285µm
_193_,10.24µm
bram.mem\[15\]\[1\],10.24µm
_086_,10.165µm
bram.mem\[9\]\[2\],10.14µm
u_rptr_handler.g_rptr_next\[1\],10.14µm
bram.mem\[10\]\[6\],10.09µm
bram.mem\[7\]\[4\],10.08µm
bram.mem\[0\]\[1\],10.04µm
bram.mem\[4\]\[1\],10.04µm
bram.mem\[0\]\[2\],10µm
bram.mem\[7\]\[6\],9.96µm
bram.mem\[0\]\[7\],9.94µm
bram.mem\[14\]\[5\],9.865µm
bram.mem\[11\]\[3\],9.84µm
_015_,9.685µm
bram.mem\[10\]\[5\],9.645µm
_220_,9.64µm
_082_,9.605µm
_130_,9.605µm
_084_,9.585µm
wdata[1],9.52µm
wdata[3],9.52µm
bram.mem\[13\]\[5\],9.48µm
bram.mem\[15\]\[7\],9.48µm
bram.mem\[0\]\[0\],9.44µm
bram.mem\[8\]\[4\],9.36µm
_173_,9.32µm
_076_,9.285µm
bram.mem\[7\]\[7\],9.28µm
_218_,9.26µm
_016_,9.245µm
_191_,9.24µm
bram.mem\[3\]\[3\],9.16µm
_134_,9.145µm
_185_,9.02µm
bram.mem\[1\]\[2\],9.02µm
bram.mem\[4\]\[3\],9.02µm
bram.mem\[5\]\[3\],9.02µm
bram.mem\[9\]\[6\],9.02µm
_040_,8.985µm
_065_,8.985µm
_121_,8.905µm
_066_,8.885µm
wdata[2],8.84µm
wdata[5],8.84µm
_114_,8.825µm
_174_,8.72µm
rdata[1],8.72µm
rdata[2],8.72µm
rdata[3],8.72µm
rdata[4],8.72µm
rdata[6],8.72µm
rdata[7],8.72µm
_070_,8.605µm
_190_,8.6µm
r_ptr_gray_sync\[0\],8.6µm
bram.mem\[5\]\[1\],8.56µm
bram.mem\[5\]\[5\],8.56µm
bram.mem\[8\]\[1\],8.56µm
r_ptr_gray_sync\[3\],8.4µm
_069_,8.365µm
sync_grptr_to_wr.q1\[2\],8.36µm
bram.mem\[14\]\[6\],8.33µm
_031_,8.3µm
net11,8.24µm
_010_,8.225µm
bram.mem\[4\]\[5\],8.2µm
bram.mem\[7\]\[0\],8.2µm
_106_,8.155µm
_186_,8.14µm
bram.mem\[3\]\[7\],8.1µm
_112_,8.025µm
net18,8.02µm
_027_,7.985µm
_115_,7.985µm
_184_,7.98µm
_167_,7.94µm
_206_,7.94µm
wdata[0],7.92µm
_032_,7.905µm
bram.mem\[12\]\[0\],7.88µm
bram.mem\[1\]\[7\],7.86µm
sync_gwptr_to_rd.q1\[2\],7.8µm
bram.mem\[6\]\[0\],7.785µm
u_wrptr_handler.b_wptr_next\[1\],7.72µm
_038_,7.705µm
_197_,7.62µm
_049_,7.605µm
_042_,7.565µm
_017_,7.505µm
_089_,7.505µm
bram.mem\[15\]\[4\],7.44µm
bram.mem\[7\]\[2\],7.44µm
_222_,7.42µm
u_wrptr_handler.b_wptr_next\[3\],7.4µm
_221_,7.34µm
_158_,7.24µm
sync_grptr_to_wr.q1\[3\],7.22µm
u_rptr_handler.b_rptr_next\[4\],7.22µm
_177_,7.2µm
_058_,7.145µm
_217_,7.14µm
_188_,7.06µm
ren,6.99µm
bram.mem\[3\]\[1\],6.92µm
_068_,6.885µm
_228_,6.76µm
bram.mem\[15\]\[0\],6.76µm
bram.mem\[9\]\[7\],6.76µm
_187_,6.74µm
_041_,6.705µm
_023_,6.645µm
_050_,6.645µm
net16,6.6µm
_045_,6.525µm
_026_,6.425µm
u_wrptr_handler.g_wptr_next\[1\],6.405µm
_030_,6.365µm
_056_,6.365µm
_088_,6.365µm
u_rptr_handler.g_rptr_next\[0\],6.32µm
_093_,6.305µm
_035_,6.245µm
_012_,6.225µm
_110_,6.185µm
_113_,6.185µm
_142_,6.16µm
_098_,6.105µm
wdata[7],6.09µm
_175_,6.06µm
_214_,5.96µm
u_rptr_handler.b_rptr_next\[3\],5.96µm
sync_gwptr_to_rd.q2\[3\],5.94µm
sync_gwptr_to_rd.d1\[0\],5.92µm
u_wrptr_handler.g_wptr_next\[3\],5.92µm
_100_,5.845µm
bram.mem\[13\]\[6\],5.82µm
_018_,5.765µm
_124_,5.765µm
_213_,5.72µm
bram.mem\[8\]\[6\],5.68µm
wen,5.63µm
_022_,5.545µm
_120_,5.545µm
_165_,5.52µm
_008_,5.505µm
sync_grptr_to_wr.q1\[1\],5.5µm
u_rptr_handler.g_rptr_next\[3\],5.48µm
_061_,5.435µm
_102_,5.435µm
wdata[6],5.41µm
_152_,5.34µm
bram.mem\[0\]\[5\],5.34µm
_051_,5.305µm
full,5.29µm
r_ptr_gray_sync\[4\],5.26µm
_216_,5.22µm
net13,5.22µm
_092_,5.095µm
_133_,5.045µm
u_rptr_handler.b_rptr_next\[2\],5.04µm
_094_,4.975µm
wrst_n,4.95µm
_196_,4.92µm
sync_gwptr_to_rd.q2\[1\],4.88µm
_063_,4.845µm
net17,4.82µm
_096_,4.775µm
_227_,4.76µm
_135_,4.725µm
bram.mem\[0\]\[4\],4.66µm
_095_,4.635µm
_118_,4.625µm
_126_,4.625µm
empty,4.61µm
u_rptr_handler.g_rptr_next\[2\],4.605µm
_143_,4.6µm
_178_,4.6µm
_139_,4.57µm
bram.mem\[11\]\[1\],4.46µm
_013_,4.385µm
_127_,4.385µm
sync_gwptr_to_rd.q2\[4\],4.34µm
net14,4.34µm
net21,4.34µm
_039_,4.295µm
rdata[5],4.27µm
_225_,4.24µm
_148_,4.2µm
_077_,4.165µm
_103_,4.165µm
_129_,4.165µm
sync_gwptr_to_rd.q1\[3\],4.12µm
_064_,3.975µm
rdata[0],3.93µm
_055_,3.925µm
_074_,3.925µm
_087_,3.925µm
_099_,3.925µm
u_rptr_handler.b_rptr_next\[0\],3.88µm
net1,3.88µm
_021_,3.705µm
_053_,3.705µm
sync_gwptr_to_rd.q1\[4\],3.66µm
bram.mem\[9\]\[4\],3.64µm
_071_,3.605µm
_062_,3.585µm
_176_,3.54µm
_009_,3.505µm
_024_,3.505µm
_020_,3.465µm
_033_,3.465µm
_060_,3.465µm
_109_,3.465µm
_116_,3.465µm
_119_,3.465µm
_131_,3.465µm
u_wrptr_handler.b_wptr_next\[2\],3.44µm
_161_,3.42µm
_078_,3.32µm
u_wrptr_handler.b_wptr_next\[0\],3.3µm
_029_,3.245µm
_047_,3.245µm
_080_,3.175µm
_122_,3.175µm
_014_,3.125µm
_181_,3.1µm
_183_,3.08µm
_207_,2.96µm
r_ptr_gray_sync\[2\],2.96µm
_075_,2.955µm
_005_,2.945µm
_105_,2.86µm
_107_,2.86µm
_052_,2.835µm
_141_,2.8µm
_019_,2.785µm
_085_,2.785µm
_123_,2.785µm
_125_,2.785µm
_211_,2.76µm
_146_,2.64µm
_168_,2.64µm
u_wrptr_handler.g_wptr_next\[2\],2.62µm
_043_,2.545µm
_057_,2.545µm
_229_,2.5µm
_230_,2.5µm
net15,2.5µm
_037_,2.485µm
_067_,2.485µm
_111_,2.325µm
_128_,2.325µm
_199_,2.3µm
sync_grptr_to_wr.q1\[0\],2.18µm
sync_grptr_to_wr.q1\[4\],2.18µm
_153_,2.16µm
_160_,2.16µm
_079_,2.125µm
_179_,2.04µm
_209_,2.04µm
_025_,2.025µm
_011_,1.865µm
_036_,1.865µm
_054_,1.865µm
_202_,1.84µm
r_ptr_gray_sync\[1\],1.7µm
_223_,1.38µm
u_rptr_handler.b_rptr_next\[1\],1.36µm
